ID,Count
18288,175.7183104
18289,153.1585745
18290,130.4648388
18291,112.8405865
18292,101.6400388
18293,95.68041861
18294,95.16154123
18295,103.3761035
18296,123.6125558
18297,153.9351282
18298,185.4289013
18299,206.7628209
18300,211.9175286
18301,204.4747884
18302,194.5358488
18303,190.8127564
18304,194.6571014
18305,200.793744
18306,203.2872512
18307,200.7493801
18308,196.1476258
18309,192.1863466
18310,187.4683389
18311,177.4672911
18312,159.2062131
18313,134.7614667
18314,110.0523063
18315,90.29687082
18316,76.86626621
18317,68.59669406
18318,65.70887824
18319,71.51816193
18320,89.33716228
18321,117.255556
18322,146.3848887
18323,165.4213104
18324,168.3731132
18325,158.8498518
18326,146.9803946
18327,141.5039198
18328,143.7983447
18329,148.6137388
18330,150.0384552
18331,146.706319
18332,141.6048949
18333,137.4563513
18334,132.8787941
18335,123.3585049
18336,105.9281822
18337,82.67081216
18338,59.50908281
18339,41.6612825
18340,30.49532364
18341,24.84084926
18342,24.90867365
18343,34.00093023
18344,55.41381348
18345,87.21748724
18346,120.5010517
18347,143.9354689
18348,151.5013215
18349,146.7781839
18350,139.8629483
18351,139.4611204
18352,146.915567
18353,156.9402639
18354,163.5867748
18355,165.4517958
18356,165.4857838
18357,166.3741819
18358,166.6991118
18359,161.911963
18360,179.501317
18361,160.5273964
18362,141.3848664
18363,127.26472
18364,119.5101788
18365,116.9290314
18366,119.7132734
18367,131.1494237
18368,154.5213989
18369,187.8905193
18370,222.3405358
18371,246.5405789
18372,254.4729029
18373,249.7222056
18374,242.3938665
18375,241.2051196
18376,247.5136443
18377,256.0511254
18378,260.8895151
18379,260.6483327
18380,258.3030263
18381,256.5659102
18382,254.0475527
18383,246.2290464
18384,230.1402618
18385,207.8637102
18386,185.3239274
18387,167.743324
18388,156.4961408
18389,150.4204684
18390,149.7375835
18391,157.7619774
18392,177.8039621
18393,207.9494314
18394,239.3046674
18395,260.5590974
18396,265.7128748
18397,258.3660671
18398,248.6367943
18399,245.2523349
18400,249.5776833
18401,256.3491098
18402,259.6404544
18403,258.0704916
18404,254.6113868
18405,251.9697573
18406,248.7482113
18407,240.4177937
18408,223.9964374
18409,201.553043
18410,178.9970957
18411,161.534762
18412,150.5231005
18413,144.7823434
18414,144.5154981
18415,153.0186386
18416,173.5837719
18417,204.2788505
18418,236.1928209
18419,257.9986066
18420,263.6809003
18421,256.8255433
18422,247.5378325
18423,244.5337733
18424,249.1687573
18425,256.1712161
18426,259.6089816
18427,258.096689
18428,254.604243
18429,251.8378605
18430,248.4015632
18431,239.7695515
18432,179.327209
18433,160.2928234
18434,141.0898761
18435,126.909361
18436,119.0945012
18437,116.4530864
18438,119.1771136
18439,130.5531029
18440,153.8649721
18441,187.1740427
18442,221.564067
18443,245.7041767
18444,253.5766274
18445,248.7661181
18446,241.3780297
18447,240.1295973
18448,246.3785017
18449,254.8564291
18450,259.6353329
18451,259.3347335
18452,256.9300806
18453,255.1336898
18454,252.5561304
18455,244.6784966
18456,228.5306602
18457,206.1951336
18458,183.5964541
18459,165.9570336
18460,154.6511143
18461,148.5167879
18462,147.7753327
18463,155.7412412
18464,175.7248269
18465,205.8119847
18466,237.1089982
18467,258.3052961
18468,263.401033
18469,255.996278
18470,246.2091522
18471,242.7669356
18472,247.0346239
18473,253.7484889
18474,256.9823719
18475,255.3550488
18476,251.8386863
18477,249.1399033
18478,245.8613091
18479,237.4739502
18480,220.9957609
18481,198.495643
18482,175.8830833
18483,158.3642497
18484,147.296202
18485,141.4991741
18486,141.1761746
18487,149.623279
18488,170.1324957
18489,200.7717787
18490,232.6300757
18491,254.3803118
18492,260.0071812
18493,253.0965263
18494,243.7536458
18495,240.6945464
18496,245.2746212
18497,252.2223031
18498,255.6054256
18499,254.0386252
18500,250.4918082
18501,247.6711929
18502,244.1808023
18503,235.4948385
18504,255.951862
18505,233.1298343
18506,210.1270528
18507,192.1585959
18508,180.5914691
18509,174.2566923
18510,173.368695
18511,181.2353936
18512,201.1608386
18513,231.2250055
18514,262.5286234
18515,283.7559421
18516,288.902317
18517,281.5633903
18518,271.8532157
18519,268.4953431
18520,272.8513483
18521,279.6543593
18522,282.9753126
18523,281.4302761
18524,277.9888619
18525,275.3552416
18526,272.1296398
18527,263.7807357
18528,247.3240717
18529,224.8260933
18530,202.1937311
18531,184.6304672
18532,173.4905212
18533,167.5911146
18534,167.1320614
18535,175.406057
18536,195.7015504
18537,226.0827703
18538,257.6347961
18539,279.0265721
18540,284.2387386
18541,276.8530581
18542,266.9707781
18543,263.3039436
18544,267.2041437
18545,273.3962371
18546,275.9447897
18547,273.4615572
18548,268.9140335
18549,265.0065756
18550,260.3419786
18551,250.3939297
18552,232.1854375
18553,207.7928627
18554,183.1354583
18555,163.4313622
18556,150.051679
18557,141.8326092
18558,138.9948754
18559,144.8538196
18560,162.7220579
18561,190.6892656
18562,219.8669875
18563,238.9513723
18564,241.9507108
18565,232.474557
18566,220.6517778
18567,215.2215505
18568,217.5617911
18569,222.4225683
18570,223.8922339
18571,220.6046121
18572,215.5472665
18573,211.4423644
18574,206.9080107
18575,197.430486
18576,241.7596209
18577,217.3522311
18578,192.6809709
18579,172.9639798
18580,159.572364
18581,151.3423255
18582,148.4945884
18583,154.3444962
18584,172.2046663
18585,200.1647756
18586,229.3363701
18587,248.4155998
18588,251.410757
18589,241.9313967
18590,230.1063873
18591,224.6749071
18592,227.0148735
18593,231.876356
18594,233.3477079
18595,230.0627541
18596,225.0090595
18597,220.9087922
18598,216.3800583
18599,206.9091393
18600,189.5287333
18601,166.3218267
18602,143.2111071
18603,125.4148629
18604,114.3010062
18605,108.6991797
18606,108.8201977
18607,117.9661932
18608,139.4333604
18609,171.2918628
18610,204.6308004
18611,228.1211347
18612,235.7434481
18613,231.0773145
18614,224.2196258
18615,223.8758873
18616,231.3889651
18617,241.4728346
18618,248.1790591
18619,250.104334
18620,250.1991157
18621,251.1488467
18622,251.5356482
18623,246.8109088
18624,233.9738655
18625,215.0757993
18626,196.0097553
18627,181.9667249
18628,174.289929
18629,171.7871548
18630,174.6503971
18631,186.1661734
18632,209.6183992
18633,243.0683936
18634,277.5999064
18635,301.8820668
18636,309.8971278
18637,305.2297861
18638,297.9854197
18639,296.8812614
18640,303.2749892
18641,311.8982868
18642,316.8231047
18643,316.668961
18644,314.4113024
18645,312.7624418
18646,310.3329459
18647,302.6039059
18648,348.1692882
18649,325.8092909
18650,303.1860059
18651,285.521848
18652,274.191062
18653,268.0317426
18654,267.2651708
18655,275.2058417
18656,295.1640718
18657,325.2257586
18658,356.4971887
18659,377.6677933
18660,382.73773
18661,375.3070704
18662,365.4939387
18663,362.0256174
18664,366.2671051
18665,372.9546762
18666,376.1621749
18667,374.5083798
18668,370.9654603
18669,368.2400381
18670,364.9347252
18671,356.5205708
18672,340.015512
18673,317.4884534
18674,294.8488843
18675,277.3029755
18676,266.2077895
18677,260.3835627
18678,260.0333068
18679,268.4530996
18680,288.9349525
18681,319.546822
18682,351.3776585
18683,373.1003899
18684,378.6997129
18685,371.7614728
18686,362.3909708
18687,359.3042163
18688,363.8566049
18689,370.7765725
18690,374.1319549
18691,372.5373915
18692,368.962791
18693,366.1143743
18694,362.5961674
18695,353.8823745
18696,336.9957316
18697,314.0114637
18698,290.846759
18699,272.716702
18700,260.988304
18701,254.4925909
18702,253.4439979
18703,261.1504473
18704,280.9159956
18705,310.8206242
18706,341.9650677
18707,363.033582
18708,368.0215282
18709,360.5245544
18710,350.6567199
18711,347.1415805
18712,351.3407176
18713,357.9872651
18714,361.1521652
18715,359.4514915
18716,355.8548617
18717,353.0664531
18718,349.686496
18719,341.1836753
18720,370.1025622
18721,347.2137604
18722,324.1439867
18723,306.1083217
18724,294.4737731
18725,288.0713627
18726,287.1155223
18727,294.9141704
18728,314.7713597
18729,344.7670681
18730,376.0020266
18731,397.1604874
18732,402.2378082
18733,394.8296334
18734,385.050019
18735,381.6225171
18736,385.908706
18737,392.641716
18738,395.8924858
18739,394.277086
18740,390.7651307
18741,388.0607941
18742,384.7643032
18743,376.3443396
18744,359.8164483
18745,337.247077
18746,314.5431591
18747,296.908179
18748,285.6963588
18749,279.7249226
18750,279.1936868
18751,287.3953497
18752,307.6183625
18753,337.9269568
18754,369.4062144
18755,390.7250822
18756,395.8642032
18757,388.4053427
18758,378.4497506
18759,374.7094748
18760,378.536107
18761,384.6545086
18762,387.1292481
18763,384.5720843
18764,379.9505134
18765,375.9688955
18766,371.2300284
18767,361.2076019
18768,342.9246276
18769,318.457469
18770,293.7253819
18771,273.946507
18772,260.4919518
18773,252.1979197
18774,249.2851361
18775,255.0689459
18776,272.8619681
18777,300.7538812
18778,329.8562324
18779,348.8651738
18780,351.788999
18781,342.2372649
18782,330.3388415
18783,324.8329089
18784,327.0973864
18785,331.8823453
18786,333.2761409
18787,329.9126
18788,324.7792896
18789,320.5983798
18790,315.9879787
18791,306.4343699
18792,326.8246276
18793,303.698675
18794,280.6683139
18795,262.9518296
18796,251.9171319
18797,246.3938608
18798,246.5928278
18799,255.8161634
18800,277.3600593
18801,309.2946764
18802,342.7091121
18803,366.2743255
18804,373.9708965
18805,369.3783966
18806,362.5937152
18807,362.3223551
18808,369.9071803
18809,380.0621638
18810,386.8388665
18811,388.8339816
18812,388.9979631
18813,390.0162514
18814,390.4709655
18815,385.8134917
18816,373.043065
18817,354.2109642
18818,335.2102322
18819,321.2318586
18820,313.6190621
18821,311.1796278
18822,314.1055486
18823,325.6833401
18824,349.1969159
18825,382.7075931
18826,417.2991197
18827,441.6406229
18828,449.7143541
18829,445.1050081
18830,437.9179612
18831,436.8704443
18832,443.320134
18833,451.9987121
18834,456.9781276
18835,456.8778968
18836,454.673465
18837,453.0771435
18838,450.6994974
18839,443.0216165
18840,427.0733685
18841,404.9372614
18842,382.5378283
18843,365.0974769
18844,353.990445
18845,348.0548203
18846,347.5118767
18847,355.6761025
18848,375.857807
18849,406.1428809
18850,437.6376036
18851,459.0313996
18852,464.3244194
18853,457.1167278
18854,447.5264418
18855,444.2808373
18856,448.7449057
18857,455.6549148
18858,459.0847017
18859,457.6530381
18860,454.3320868
18861,451.8284624
18862,448.7447701
18863,440.5520525
18864,475.1097283
18865,452.7311285
18866,430.240414
18867,412.843751
18868,401.8981978
18869,396.2239862
18870,396.0241235
18871,404.5946832
18872,425.227672
18873,455.991042
18874,487.9737393
18875,509.848687
18876,515.6005776
18877,508.8152517
18878,499.598006
18879,496.6648453
18880,501.3711608
18881,508.4453837
18882,511.9553453
18883,510.5156803
18884,507.0962929
18885,504.4033994
18886,501.041021
18887,492.4833576
18888,475.7531403
18889,452.9255895
18890,429.9178889
18891,411.9451181
18892,400.3742839
18893,394.0364074
18894,393.1459192
18895,401.0107369
18896,420.9349122
18897,450.9984219
18898,482.3019958
18899,503.5298851
18900,508.6774461
18901,501.3403222
18902,491.6325681
18903,488.2777345
18904,492.6373984
18905,499.4446888
18906,502.770543
18907,501.2310299
18908,497.7957625
18909,495.1689132
18910,491.9507076
18911,483.6098257
18912,467.1618108
18913,444.673109
18914,422.0506518
18915,404.4979222
18916,393.3691403
18917,387.4815284
18918,387.0349013
18919,395.321955
18920,415.6311393
18921,446.0266833
18922,477.5936672
18923,499.0010358
18924,504.22943
18925,496.860613
18926,486.9958325
18927,483.3471345
18928,487.2661082
18929,493.477613
18930,496.046215
18931,493.5836707
18932,489.0574742
18933,485.1719828
18934,480.5299923
18935,470.6051899
18936,512.0648493
18937,489.5800171
18938,466.960828
18939,449.4107652
18940,438.2840496
18941,432.3979041
18942,431.9521438
18943,440.2394655
18944,460.5483196
18945,490.9429359
18946,522.5083952
18947,543.913643
18948,549.1393211
18949,541.7671933
18950,531.8985081
18951,528.2453123
18952,532.1591961
18953,538.3650195
18954,540.9273497
18955,538.457944
18956,533.9242974
18957,530.0307684
18958,525.3801534
18959,515.4461409
18960,497.251741
18961,472.8733158
18962,448.2301194
18963,428.5402913
18964,415.1749375
18965,406.9702598
18966,404.1469822
18967,410.0204482
18968,427.903275
18969,455.8851397
18970,485.0775882
18971,504.1767708
18972,507.1909797
18973,497.7297701
18974,485.9220105
18975,480.5068795
18976,482.8622947
18977,487.7383261
18978,489.223327
18979,485.9511228
18980,480.9092788
18981,476.8199636
18982,472.3012836
18983,462.8395208
18984,445.467374
18985,422.26783
18986,399.1635772
18987,381.3729044
18988,370.2637244
18989,364.6656808
18990,364.7895885
18991,373.9375812
18992,395.405854
18993,427.2645714
18994,460.6028339
18995,484.0916043
18996,491.7114657
18997,487.0419931
18998,480.1800794
18999,479.8312308
19000,487.3383147
19001,497.4153076
19002,504.1137738
19003,506.03041
19004,506.1156738
19005,507.0550089
19006,507.430538
19007,502.6936508
19008,489.8435856
19009,470.9316252
19010,451.8508156
19011,437.79215
19012,430.0988507
19013,427.5787065
19014,430.4237136
19015,441.9203912
19016,465.3526566
19017,498.7818302
19018,533.2916637
19019,557.5512881
19020,565.542958
19021,560.851372
19022,553.5819099
19023,552.4518063
19024,558.8187413
19025,567.4144002
19026,572.3107358
19027,572.127268
19028,569.8394455
19029,568.1595834
19030,565.6982503
19031,557.9365397
19032,541.9043229
19033,519.6841115
19034,497.2004423
19035,479.6757265
19036,468.4842056
19037,462.4639709
19038,461.8363001
19039,469.9156849
19040,490.0124383
19041,520.2124547
19042,551.6220173
19043,572.9305538
19044,578.1382187
19045,570.8450803
19046,561.1692593
19047,557.8380351
19048,562.2164031
19049,569.0406343
19050,572.3845697
19051,570.8669846
19052,567.4600454
19053,564.8703704
19054,561.7005684
19055,553.4216855
19056,537.4424476
19057,514.8920037
19058,492.2074849
19059,474.5923765
19060,463.4009015
19061,457.4502846
19062,456.9403433
19063,465.1637761
19064,485.4090355
19065,515.7403534
19066,547.2428123
19067,568.5853599
19068,573.7486397
19069,566.3144175
19070,556.3839438
19071,552.669267
19072,556.5219793
19073,562.6669426
19074,565.1687258
19075,562.639088
19076,558.045526
19077,554.0923999
19078,549.3825082
19079,539.3895408
19080,521.1365096
19081,496.6997783
19082,471.9986029
19083,452.2511242
19084,438.8284501
19085,430.5667838
19086,427.686851
19087,433.5039967
19088,451.3308399
19089,479.2570588
19090,508.3942011
19091,527.4384185
19092,530.3980046
19093,520.8825162
19094,509.0208231
19095,503.5521055
19096,505.8542821
19097,510.6774244
19098,512.1098871
19099,508.785497
19100,503.6918205
19101,499.5510277
19102,494.9812261
19103,485.4686991
19104,468.0461466
19105,444.7965567
19106,421.6426188
19107,403.8026232
19108,392.6444837
19109,386.997845
19110,387.073523
19111,396.1736527
19112,417.5944303
19113,449.4060211
19114,482.6975268
19115,506.1399112
19116,513.7137584
19117,508.9986444
19118,502.0914629
19119,501.6977212
19120,509.1602875
19121,519.1931392
19122,525.8478416
19123,527.7210922
19124,527.7633493
19125,528.6600575
19126,528.9933402
19127,524.2145881
19128,511.3230401
19129,492.3699796
19130,473.2484536
19131,459.1494558
19132,451.4162092
19133,448.8565031
19134,451.6623346
19135,463.1202233
19136,486.5140872
19137,519.9052473
19138,554.3774557
19139,578.599844
19140,586.5546673
19141,581.8266247
19142,574.5210965
19143,573.3553177
19144,579.6869687
19145,588.2477355
19146,593.109571
19147,592.8919956
19148,590.5704584
19149,588.8572746
19150,586.3630134
19151,578.5687683
19152,562.5044111
19153,540.2524535
19154,517.7374325
19155,500.1817596
19156,488.9596765
19157,482.9092746
19158,482.2518316
19159,490.3018396
19160,510.3696116
19161,540.541042
19162,571.922414
19163,593.2031556
19164,598.3834211
19165,591.063279
19166,581.3608498
19167,578.003413
19168,582.3559637
19169,589.1547731
19170,592.473682
19171,590.9314657
19172,587.5002902
19173,584.8867738
19174,581.6935252
19175,573.3915903
19176,556.9989026
19177,534.5843634
19178,512.0574588
19179,494.6243558
19180,483.6421138
19181,477.9309658
19182,477.6939198
19183,486.2270504
19184,506.8223655
19185,537.5478181
19186,569.4923553
19187,591.3289013
19188,597.0421496
19189,590.2179418
19190,580.9615758
19191,577.9890574
19192,582.6557789
19193,589.6901725
19194,593.1600706
19195,591.6801091
19196,588.2201932
19197,585.4865404
19198,582.0831729
19199,573.4842917
19200,556.7126291
19201,533.8434066
19202,510.793809
19203,492.7789171
19204,481.1657388
19205,474.7852964
19206,473.8520215
19207,481.6738331
19208,501.5547839
19209,531.5748518
19210,562.834768
19211,584.0187848
19212,589.1222596
19213,581.740837
19214,571.9885729
19215,568.5890194
19216,572.9037544
19217,579.6659083
19218,582.9464195
19219,581.3613584
19220,577.8803388
19221,575.2075347
19222,571.9431726
19223,563.5559341
19224,547.0613634
19225,524.5259082
19226,501.856501
19227,484.2566261
19228,473.0805049
19229,467.145361
19230,466.6510104
19231,474.8901504
19232,495.1512319
19233,525.4984857
19234,557.016993
19235,578.3756998
19236,583.5552486
19237,576.1374037
19238,566.2234141
19239,562.5253271
19240,566.3947333
19241,572.5564933
19242,575.0751748
19243,572.5625352
19244,567.9860701
19245,564.0501383
19246,559.3575366
19247,549.3819538
19248,531.1464004
19249,506.7272385
19250,482.0437228
19251,462.3139928
19252,448.9091548
19253,440.6654109
19254,437.8034851
19255,443.6387211
19256,461.4837365
19257,489.4282081
19258,518.5836821
19259,537.6463089
19260,540.6243806
19261,531.1274525
19262,519.2843933
19263,513.8343814
19264,516.1553344
19265,520.9973221
19266,522.448698
19267,519.1432872
19268,514.068655
19269,509.9469699
19270,505.396338
19271,495.9030412
19272,478.499778
19273,455.2695352
19274,432.1350007
19275,414.3144632
19276,403.1758353
19277,397.5487602
19278,397.6440524
19279,406.7638454
19280,428.2043339
19281,460.0356819
19282,493.3469897
19283,516.8092195
19284,524.402954
19285,519.7077679
19286,512.8205534
19287,512.4468164
19288,519.9294237
19289,529.9823512
19290,536.6571627
19291,538.5505543
19292,538.6129831
19293,539.5298921
19294,539.8834033
19295,535.1249059
19296,522.2536374
19297,503.3208799
19298,484.2196789
19299,470.1410267
19300,462.4281448
19301,459.8888213
19302,462.7150517
19303,474.1933543
19304,497.6076455
19305,531.019245
19306,565.5119037
19307,589.7547514
19308,597.7300422
19309,593.0224736
19310,585.7374244
19311,584.5921284
19312,590.9442646
19313,599.5255175
19314,604.4078386
19315,604.210747
19316,601.9096904
19317,600.2169827
19318,597.7431915
19319,589.9694092
19320,573.925506
19321,551.6939924
19322,529.1994039
19323,511.6641508
19324,500.4624732
19325,494.4324614
19326,493.7953916
19327,501.8657546
19328,521.9538621
19329,552.145607
19330,583.5472714
19331,604.8482818
19332,610.0487912
19333,602.7488667
19334,593.0666277
19335,589.7293522
19336,594.1020341
19337,600.9209432
19338,604.2599189
19339,602.7377354
19340,599.3265573
19341,596.7330016
19342,593.5596758
19343,585.2776244
19344,568.9047798
19345,546.5100418
19346,524.0028953
19347,506.5895062
19348,495.6269324
19349,489.9354058
19350,489.7179331
19351,498.2705877
19352,518.8853761
19353,549.6302503
19354,581.5941559
19355,603.4500162
19356,609.1825232
19357,602.3775175
19358,593.1402956
19359,590.1868623
19360,594.8726084
19361,601.9259652
19362,605.4147638
19363,603.953639
19364,600.5124947
19365,597.7975472
19366,594.4128177
19367,585.8325059
19368,569.0793431
19369,546.2285495
19370,523.1973088
19371,505.2007008
19372,493.6057321
19373,487.2434239
19374,486.3282069
19375,494.1679987
19376,514.066851
19377,544.1047407
19378,575.3823978
19379,596.5840735
19380,601.7051243
19381,594.3411936
19382,584.6063362
19383,581.2241032
19384,585.5560714
19385,592.3353703
19386,595.6329372
19387,594.0648413
19388,590.6006956
19389,587.944673
19390,584.6969991
19391,576.3263543
19392,559.848282
19393,537.3292287
19394,514.6761262
19395,497.0924576
19396,485.9324434
19397,480.0133063
19398,479.5348613
19399,487.7898048
19400,508.0665868
19401,538.4294371
19402,569.9634359
19403,591.3375285
19404,596.5323563
19405,589.1296828
19406,579.2307562
19407,575.5476228
19408,579.4318724
19409,585.6083646
19410,588.1416663
19411,585.6435342
19412,581.081463
19413,577.1598105
19414,572.4813729
19415,562.5198381
19416,544.2982157
19417,519.8928671
19418,495.2230463
19419,475.5068918
19420,462.1155094
19421,453.8851
19422,451.0363874
19423,456.8847142
19424,474.7426972
19425,502.7000127
19426,531.8682061
19427,550.943427
19428,553.9339669
19429,544.4493804
19430,532.6185354
19431,527.1806098
19432,529.5135203
19433,534.3673363
19434,535.8304104
19435,532.5365673
19436,527.4733714
19437,523.3629907
19438,518.8235307
19439,509.3412727
19440,491.9489146
19441,468.7294426
19442,445.605544
19443,427.7955069
19444,416.6672433
19445,411.050396
19446,411.1557788
19447,420.2855248
19448,441.735828
19449,473.576852
19450,506.8976966
19451,530.3693235
19452,537.9723149
19453,533.2862449
19454,526.4080054
19455,526.0431017
19456,533.5344001
19457,543.5958763
19458,550.2790935
19459,552.1807474
19460,552.2512946
19461,553.1761778
19462,553.5375185
19463,548.7867056
19464,535.9229764
19465,516.9976122
19466,497.9036584
19467,483.8321069
19468,476.1261789
19469,473.5936621
19470,476.4265516
19471,487.9113656
19472,511.3320201
19473,544.7498345
19474,579.2485593
19475,603.4973243
19476,611.478383
19477,606.7764328
19478,599.4968523
19479,598.356875
19480,604.7141796
19481,613.3004505
19482,618.1876391
19483,617.9952639
19484,615.6987728
19485,614.0104792
19486,611.5409509
19487,603.7712798
19488,587.7313361
19489,565.5036301
19490,543.0126973
19491,525.4809476
19492,514.2826213
19493,508.2558083
19494,507.621785
19495,515.6950419
19496,535.7858906
19497,565.9802241
19498,597.3843243
19499,618.6876177
19500,623.8902573
19501,616.5923101
19502,606.9118954
19503,603.5762913
19504,607.9504918
19505,614.7707665
19506,618.110955
19507,616.5898313
19508,613.1795603
19509,610.5867589
19510,607.4140346
19511,599.132432
19512,582.7598835
19513,560.3652893
19514,537.858134
19515,520.4445838
19516,509.4816967
19517,503.7897046
19518,503.5716145
19519,512.1234998
19520,532.7373673
19521,563.4811689
19522,595.4438507
19523,617.2983358
19524,623.0293167
19525,616.222634
19526,606.9835845
19527,604.028173
19528,608.711791
19529,615.7628695
19530,619.2492401
19531,617.7855377
19532,614.3416666
19533,611.6238434
19534,608.2360894
19535,599.6526048
19536,582.8961209
19537,560.0418585
19538,537.0070014
19539,519.0066297
19540,507.4077505
19541,501.0413853
19542,500.1219649
19543,507.9574075
19544,527.8517652
19545,557.8850151
19546,589.1578876
19547,610.3546344
19548,615.4706123
19549,608.1014651
19550,598.3612481
19551,594.9735127
19552,599.2998363
19553,606.0733486
19554,609.3649875
19555,607.7908227
19556,604.3204676
19557,601.6580955
19558,598.4039326
19559,590.0266596
19560,573.5418206
19561,551.0158625
19562,528.3557177
19563,510.7648696
19564,499.5975396
19565,493.6709506
19566,493.1849183
19567,501.4321396
19568,521.7010651
19569,552.0559251
19570,583.5818004
19571,604.947637
19572,610.1340768
19573,602.7228838
19574,592.815307
19575,589.1233932
19576,592.9987327
19577,599.1661861
19578,601.6903206
19579,599.1828936
19580,594.6114005
19581,590.6801998
19582,585.9920884
19583,576.0207547
19584,558.8654492
19585,539.9117414
19586,520.7894632
19587,506.6896087
19588,498.9554008
19589,496.3946292
19590,499.1992909
19591,510.655906
19592,534.0483921
19593,567.4380709
19594,601.9086946
19595,626.1293948
19596,634.0824271
19597,629.3524905
19598,622.0449657
19599,620.877088
19600,627.206538
19601,635.765002
19602,640.624433
19603,640.4043519
19604,638.0802079
19605,636.3643167
19606,633.8672477
19607,626.0700947
19608,610.0027298
19609,587.7476653
19610,565.2294382
19611,547.6704605
19612,536.4449743
19613,530.3910713
19614,529.7300297
19615,537.776342
19616,557.8403214
19617,588.0078629
19618,619.3852501
19619,640.6619115
19620,645.8380017
19621,638.5135895
19622,628.8067963
19623,625.4449017
19624,629.7929015
19625,636.5870673
19626,639.9012403
19627,638.3541964
19628,634.9181022
19629,632.2995764
19630,629.1012283
19631,620.7941041
19632,604.3961383
19633,581.9762324
19634,559.4438731
19635,542.0052282
19636,531.0173574
19637,525.3004944
19638,525.0576479
19639,533.584893
19640,554.1742382
19641,584.8936372
19642,616.8320377
19643,638.6623645
19644,644.3693118
19645,637.5387218
19646,628.2758931
19647,625.2968322
19648,629.9569321
19649,636.9846255
19650,640.4477458
19651,638.9609293
19652,635.4940821
19653,632.7534223
19654,629.342973
19655,620.7369358
19656,603.9580437
19657,581.0815191
19658,558.0245474
19659,540.0022102
19660,528.3815163
19661,521.9934885
19662,521.0525596
19663,528.866649
19664,548.7398103
19665,578.7520224
19666,610.004017
19667,631.1800474
19668,636.2754719
19669,628.8859358
19670,619.1254959
19671,615.7177051
19672,620.0241421
19673,626.7779383
19674,630.050033
19675,628.4564971
19676,624.9669458
19677,622.2855536
19678,619.0125481
19679,610.6166116
19680,594.1132894
19681,571.5690299
19682,548.8907668
19683,531.2819849
19684,520.096907
19685,514.1527573
19686,513.6493528
19687,521.8793919
19688,542.1313263
19689,572.4693878
19690,603.9786584
19691,625.3280854
19692,630.4983119
19693,623.0711034
19694,613.1477099
19695,609.4401795
19696,613.3001039
19697,619.4523447
19698,621.9614705
19699,619.4392399
19700,614.8531494
19701,610.9075587
19702,606.2052659
19703,596.2199605
19704,577.9746542
19705,553.5457101
19706,528.8523839
19707,509.1128163
19708,495.6981144
19709,487.4444814
19710,484.5726425
19711,490.3979424
19712,508.2329996
19713,536.1674922
19714,565.3129673
19715,584.3655764
19716,587.3336127
19717,577.8266327
19718,565.9735058
19719,560.5134119
19720,562.8242694
19721,567.6561495
19722,569.0974064
19723,565.7818666
19724,560.6970964
19725,556.5652653
19726,552.0044806
19727,542.5010254
19728,525.0875992
19729,501.8471898
19730,478.7024865
19731,460.8717789
19732,449.7229808
19733,444.0857364
19734,444.1708615
19735,453.2804906
19736,474.7108196
19737,506.5320136
19738,539.8331741
19739,563.2852643
19740,570.8688682
19741,566.1635615
19742,559.2662376
19743,558.8824035
19744,566.3549271
19745,576.3977856
19746,583.0625439
19747,584.9458991
19748,584.9983096
19749,585.9052195
19750,586.2487519
19751,581.4802972
19752,568.5990942
19753,549.6564259
19754,530.545339
19755,516.456827
19756,508.7341126
19757,506.184985
19758,509.0014409
19759,520.4699997
19760,543.874579
19761,577.2764997
19762,611.7595136
19763,635.9927521
19764,643.9584701
19765,639.2413662
19766,631.9468207
19767,630.7920683
19768,637.1347892
19769,645.7066691
19770,650.5796607
19771,650.3732842
19772,648.0629883
19773,646.3610882
19774,643.8781528
19775,636.0952754
19776,620.0423273
19777,597.8018205
19778,575.2982913
19779,557.7541514
19780,546.5436419
19781,540.5048541
19782,539.8590657
19783,547.9207684
19784,568.000275
19785,598.1834798
19786,629.5766657
19787,650.8692606
19788,656.0614185
19789,648.7532077
19790,639.0627486
19791,635.7173204
19792,640.0819182
19793,646.8928128
19794,650.2238449
19795,648.6937896
19796,645.2748127
19797,642.6735324
19798,639.4925572
19799,631.2029327
19800,614.8225924
19801,592.4204373
19802,569.9059534
19803,552.4853075
19804,541.5155589
19805,535.8169403
19806,535.5924596
19807,544.1381913
19808,564.746143
19809,595.4842677
19810,627.4415122
19811,649.2908007
19812,655.0168264
19813,648.2054309
19814,638.9619117
19815,636.0022748
19816,640.681912
19817,647.7292556
19818,651.2121378
19819,649.7451943
19820,646.2983302
19821,643.5777628
19822,640.1875143
19823,631.6017854
19824,614.8433084
19825,591.9873046
19826,568.9509587
19827,550.9493513
19828,539.3494903
19829,532.9823977
19830,532.0625052
19831,539.8977315
19832,559.7921292
19833,589.8256762
19834,621.0991034
19835,642.296663
19836,647.4137125
19837,640.0458962
19838,630.30727
19839,626.9213857
19840,631.2498213
19841,638.0257069
19842,641.319981
19843,639.7487137
19844,636.2815189
19845,633.6225703
19846,630.3720944
19847,621.9987727
19848,605.5181492
19849,582.9966715
19850,560.3412723
19851,542.7554354
19852,531.5933824
19853,525.6723366
19854,525.192114
19855,533.4454119
19856,553.7206811
19857,584.082152
19858,615.614906
19859,636.9878891
19860,642.1817434
19861,634.7782334
19862,624.8786079
19863,621.1949141
19864,625.0787425
19865,631.2549537
19866,633.7881152
19867,631.2899844
19868,626.7280569
19869,622.8066913
19870,618.1286844
19871,608.1677249
19872,589.9468231
19873,565.5423412
19874,540.8735338
19875,521.1585404
19876,507.7684671
19877,499.5395158
19878,496.6924107
19879,502.5424953
19880,520.4023871
19881,548.361763
19882,577.532169
19883,596.6097554
19884,599.6028144
19885,590.1209011
19886,578.2928841
19887,572.8579418
19888,575.1939918
19889,580.0511038
19890,581.5176311
19891,578.227399
19892,573.1679726
19893,569.0615202
19894,564.5261481
19895,555.0481379
19896,537.6601884
19897,514.4452859
19898,491.3261186
19899,473.5209749
19900,462.3977674
19901,456.7861394
19902,456.8969051
19903,466.0321982
19904,487.4882131
19905,519.335114
19906,552.6620009
19907,576.1398362
19908,583.7492023
19909,579.069674
19910,572.1981434
19911,571.8401163
19912,579.3384595
19913,589.4071489
19914,596.0977482
19915,598.0069535
19916,598.0852216
19917,599.0179958
19918,599.3873978
19919,594.6448169
19920,581.7894905
19921,562.8727006
19922,543.7874927
19923,529.724859
19924,522.0280211
19925,519.5047668
19926,522.3470917
19927,533.841514
19928,557.2719501
19929,590.6997198
19930,625.2085735
19931,649.4676415
19932,657.4591774
19933,652.7678788
19934,645.4991245
19935,644.3701483
19936,650.7386289
19937,659.3362511
19938,664.2349661
19939,664.054293
19940,661.7696794
19941,660.0934392
19942,657.63614
19943,649.8788741
19944,633.8515115
19945,611.6365629
19946,589.1585636
19947,571.6399238
19948,560.4548838
19949,554.4415334
19950,553.8211492
19951,561.9082217
19952,582.0130625
19953,612.2215646
19954,643.6400099
19955,664.957825
19956,670.1751627
19957,662.8920901
19958,653.2267264
19959,649.9063497
19960,654.2959538
19961,661.1318085
19962,664.4877531
19963,662.9825615
19964,659.5883987
19965,657.0118812
19966,653.8556166
19967,645.5906494
19968,629.2349118
19969,606.8573036
19970,584.3673096
19971,566.9710957
19972,556.0257198
19973,550.3514134
19974,550.1511834
19975,558.7211031
19976,579.3531789
19977,610.1153626
19978,642.0966
19979,663.969814
19980,669.7196968
19981,662.9320887
19982,653.7122862
19983,650.776294
19984,655.479503
19985,662.5503442
19986,666.0566486
19987,664.613051
19988,661.1894552
19989,658.4920775
19990,655.1249389
19991,646.562239
19992,629.826709
19993,606.9935691
19994,583.9800029
19995,566.0010899
19996,554.4238369
19997,548.0792648
19998,547.1818042
19999,555.0393728
20000,574.956022
20001,605.0117286
20002,636.3072226
20003,657.526755
20004,662.6656823
20005,655.3196477
20006,645.6027059
20007,642.2384079
20008,646.5883305
20009,653.3856028
20010,656.7011623
20011,655.1510779
20012,651.7049626
20013,649.066989
20014,645.8373828
20015,637.4848241
20016,621.0248562
20017,598.5239256
20018,575.8889638
20019,558.3234539
20020,547.1816162
20021,541.2806734
20022,540.8204401
20023,549.0936129
20024,569.3886414
20025,599.7697553
20026,631.3220347
20027,652.7144249
20028,657.927567
20029,650.5432243
20030,640.662645
20031,636.9978752
20032,640.9005044
20033,647.0953924
20034,649.6471056
20035,647.1674007
20036,642.6237722
20037,638.7205778
20038,634.0606135
20039,624.117567
20040,605.9144478
20041,581.5276171
20042,556.8763287
20043,537.1787211
20044,523.8058997
20045,515.5940654
20046,512.7639416
20047,518.630871
20048,536.5074701
20049,564.4834151
20050,593.670251
20051,612.7641274
20052,615.7733355
20053,606.3074299
20054,594.4952782
20055,589.0760579
20056,591.4276859
20057,596.3002311
20058,597.7820461
20059,594.5069553
20060,589.4625229
20061,585.3709167
20062,580.850242
20063,571.3867799
20064,554.0132281
20065,530.8125725
20066,507.7075003
20067,489.9162994
20068,478.8068815
20069,473.2088892
20070,473.333136
20071,482.481755
20072,503.9509398
20073,535.8108539
20074,569.1505967
20075,592.6411297
20076,600.2630349
20077,595.5958863
20078,588.7365754
20079,588.3906073
20080,595.9008481
20081,605.9812732
20082,612.6834456
20083,614.6040607
20084,614.6935748
20085,615.6374306
20086,616.0177491
20087,611.285919
20088,660.9497588
20089,638.5479461
20090,616.0334489
20091,598.6124337
20092,587.6419592
20093,581.9422578
20094,581.7163372
20095,590.2602715
20096,610.8660679
20097,641.6016791
20098,673.5560518
20099,695.4021097
20100,701.1245458
20101,694.3092015
20102,685.0613742
20103,682.0970693
20104,686.7716789
20105,693.8136347
20106,697.2907689
20107,695.817717
20108,692.3643841
20109,689.6369872
20110,686.2395485
20111,677.6462686
20112,660.8798796
20113,638.0156028
20114,614.9706229
20115,596.9600205
20116,585.3508034
20117,578.9739935
20118,578.0440227
20119,585.8688096
20120,605.7524069
20121,635.7747924
20122,667.0366973
20123,688.2223738
20124,693.3271794
20125,685.9467587
20126,676.1951674
20127,672.7959578
20128,677.1107079
20129,683.872548
20130,687.1524168
20131,685.5663844
20132,682.0840652
20133,679.4096329
20134,676.1433146
20135,667.7537916
20136,651.2566085
20137,628.7182131
20138,606.0455383
20139,588.4420683
20140,577.2620251
20141,571.3226323
20142,570.8237063
20143,579.0579446
20144,599.3137986
20145,629.6554991
20146,661.1681278
20147,682.5206311
20148,687.6936518
20149,680.2689545
20150,670.3477889
20151,666.6422023
20152,670.503786
20153,676.657401
20154,679.1676153
20155,676.646187
20156,672.0606121
20157,668.1152499
20158,663.4128977
20159,653.4272449
20160,635.1813024
20161,610.751433
20162,586.056892
20163,566.3158194
20164,552.8993222
20165,544.643603
20166,541.7693866
20167,547.5920172
20168,565.4241131
20169,593.3553519
20170,622.4972805
20171,641.5460498
20172,644.5099528
20173,634.9985457
20174,623.1406976
20175,617.6755878
20176,619.9811348
20177,624.8074092
20178,626.2427652
20179,622.9210288
20180,617.8297661
20181,613.6911464
20182,609.1232768
20183,599.6124401
20184,582.1913356
20185,558.9429511
20186,535.7899754
20187,517.9506981
20188,506.7930327
20189,501.1466235
20190,501.2222859
20191,510.3221544
20192,531.7424248
20193,563.553262
20194,596.8437675
20195,620.2849044
20196,627.8572566
20197,623.1403997
20198,616.2312271
20199,615.8352457
20200,623.2953235
20201,633.3254376
20202,639.9771528
20203,641.8471665
20204,641.8859368
20205,642.778908
20206,643.1082032
20207,638.3252129
20208,625.4291759
20209,606.4713753
20210,587.3448579
20211,573.2406173
20212,565.5018763
20213,562.9364243
20214,565.7362579
20215,577.1878969
20216,600.5752589
20217,633.9596651
20218,668.4248674
20219,692.6399973
20220,700.5873101
20221,695.8515046
20222,688.5379612
20223,687.3639148
20224,693.687046
20225,702.2390408
20226,707.0918519
20227,706.865
20228,704.5339341
20229,702.8109697
20230,700.3066758
20231,692.5021464
20232,676.4272529
20233,654.1645076
20234,631.6384474
20235,614.0714841
20236,602.8378595
20237,596.7756651
20238,596.106179
20239,604.1438933
20240,624.1991214
20241,654.3577578
20242,685.7260861
20243,706.9935346
20244,712.1602577
20245,704.8263241
20246,695.109855
20247,691.7381299
20248,696.0761444
20249,702.86017
20250,706.1640477
20251,704.6065534
20252,701.1598534
20253,698.5305664
20254,695.3213015
20255,687.003105
20256,670.593911
20257,648.1626211
20258,625.6187217
20259,608.1683807
20260,597.1686577
20261,591.4397862
20262,591.1847748
20263,599.6996986
20264,620.276566
20265,650.9833306
20266,682.9089401
20267,704.7263192
20268,710.4201621
20269,703.5763109
20270,694.3000641
20271,691.3074282
20272,695.9537962
20273,702.9676007
20274,706.4166751
20275,704.9156557
20276,701.4344486
20277,698.6792718
20278,695.2541484
20279,686.63328
20280,669.8393997
20281,646.9477297
20282,623.8754556
20283,605.837659
20284,594.2013486
20285,587.7975473
20286,586.8406878
20287,594.6386897
20288,614.4956067
20289,644.4914175
20290,675.726854
20291,696.8861695
20292,701.9647223
20293,694.5581578
20294,684.780533
20295,681.3554006
20296,685.6443397
20297,692.3804815
20298,695.6347655
20299,694.0232628
20300,690.5155884
20301,687.8159171
20302,684.5244766
20303,676.1099493
20304,659.5878806
20305,637.0247189
20306,614.3273982
20307,596.6994034
20308,585.4949573
20309,579.5312845
20310,579.0082018
20311,587.218408
20312,607.4503549
20313,637.7682742
20314,669.2572485
20315,690.586225
20316,695.735847
20317,688.2878802
20318,678.3435748
20319,674.6149791
20320,678.4536849
20321,684.5845542
20322,687.0721555
20323,684.5282478
20324,679.9203278
20325,675.9527554
20326,671.2283288
20327,661.220738
20328,642.9529946
20329,618.5014623
20330,593.7853968
20331,574.022939
20332,560.5851964
20333,552.3083724
20334,549.4131925
20335,555.2150016
20336,573.0264185
20337,600.9371216
20338,630.0586583
20339,649.0871802
20340,652.0309811
20341,642.4996175
20342,630.6219594
20343,625.1371867
20344,627.4232184
20345,632.2301257
20346,633.6462635
20347,630.3054583
20348,625.1952769
20349,621.037889
20350,616.4514025
20351,606.9221005
20352,589.4826831
20353,566.2161385
20354,543.0451562
20355,525.1880262
20356,514.0126626
20357,508.3487102
20358,508.4069849
20359,517.4896219
20360,538.8928173
20361,570.6867366
20362,603.9604818
20363,627.3850164
20364,634.9409248
20365,630.2077832
20366,623.2824854
20367,622.8705388
20368,630.3148118
20369,640.329282
20370,646.9655146
20371,648.8202075
20372,648.8438191
20373,649.7217943
20374,650.0362566
20375,645.2385967
20376,632.3280541
20377,613.3559121
20378,594.215218
20379,580.0969657
20380,572.3443785
20381,569.765246
20382,572.5515653
20383,583.9898565
20384,607.3640377
20385,640.7354302
20386,675.1877865
20387,699.3902383
20388,707.3250411
20389,702.5768942
20390,695.2511782
20391,694.0651286
20392,700.3764259
20393,708.9167565
20394,713.7580736
20395,713.5198979
20396,711.1776789
20397,709.4437322
20398,706.9286273
20399,699.1134581
20400,683.0280966
20401,660.7550551
20402,638.2188708
20403,620.6419557
20404,609.3985518
20405,603.326751
20406,602.6478314
20407,610.6762854
20408,630.7224265
20409,660.8721496
20410,692.2317383
20411,713.490621
20412,718.6489524
20413,711.3068015
20414,701.5822893
20415,698.2026956
20416,702.5330163
20417,709.3095229
20418,712.6060565
20419,711.0413931
20420,707.5876992
20421,704.9515936
20422,701.7356854
20423,693.4110211
20424,676.9955348
20425,654.5581282
20426,632.0082879
20427,614.5521817
20428,603.5468693
20429,597.8125843
20430,597.5523353
20431,606.0621975
20432,626.6341792
20433,657.3362342
20434,689.2573101
20435,711.0703317
20436,716.759993
20437,709.9121364
20438,700.6320602
20439,697.6357709
20440,702.2786615
20441,709.2891647
20442,712.7351136
20443,711.2311448
20444,707.747164
20445,704.9893893
20446,701.5618438
20447,692.938729
20448,676.1427779
20449,653.2492127
20450,630.1752188
20451,612.1358777
20452,600.4981981
20453,594.0932028
20454,593.1353243
20455,600.9324822
20456,620.7887299
20457,650.784046
20458,682.0191625
20459,703.1783323
20460,708.2569137
20461,700.8505519
20462,691.0733036
20463,687.6487216
20464,691.9383847
20465,698.6754238
20466,701.9307783
20467,700.3205191
20468,696.8142611
20469,694.1161788
20470,690.8264998
20471,682.4139061
20472,665.8939429
20473,643.3330585
20474,620.6381866
20475,603.0128119
20476,591.8111569
20477,585.8504458
20478,585.3304955
20479,593.5440042
20480,613.7794235
20481,644.1009851
20482,675.5937709
20483,696.9267281
20484,702.0804996
20485,694.6368507
20486,684.6970315
20487,680.9730899
20488,684.8166173
20489,690.9524754
20490,693.4452325
20491,690.9066472
20492,686.3042157
20493,682.3422978
20494,677.6236912
20495,667.6220856
20496,649.3604921
20497,624.9152741
20498,600.2056871
20499,580.4498715
20500,567.0189343
20501,558.7490786
20502,555.8610296
20503,561.6701315
20504,579.489003
20505,607.407322
20506,636.5366354
20507,655.5730945
20508,658.5249925
20509,649.0018856
20510,637.1326433
20511,631.6564451
20512,633.9512095
20513,638.7670073
20514,640.1921928
20515,636.8605923
20516,631.7597718
20517,627.6119008
20518,623.0350865
20519,613.5156117
20520,596.086176
20521,572.8297668
20522,549.6690734
20523,531.8223853
20524,520.657616
20525,515.0044097
20526,515.073582
20527,524.1672673
20528,545.5816614
20529,577.3869291
20530,610.6721719
20531,634.1083528
20532,641.6760557
20533,636.9548562
20534,630.0416474
20535,629.6419364
20536,637.0985908
20537,647.1255876
20538,653.7744917
20539,655.6420002
20540,655.678571
20541,656.5696483
20542,656.8973551
20543,652.1130816
20544,639.2160664
20545,620.2575924
20546,601.1307063
20547,587.0264014
20548,579.2879002
20549,576.7229918
20550,579.5236728
20551,590.9764625
20552,614.3652783
20553,647.751441
20554,682.2187024
20555,706.4361935
20556,714.3861693
20557,709.6533283
20558,702.3430505
20559,701.1725707
20560,707.4995688
20561,716.0557305
20562,720.9130083
20563,720.6909222
20564,718.3649211
20565,716.6473199
20566,714.1486872
20567,706.3501165
20568,690.2814789
20569,668.0252862
20570,645.5060747
20571,627.9462558
20572,616.7200708
20573,610.6656107
20574,610.0041532
20575,618.0501898
20576,638.1140332
20577,668.2815777
20578,699.659106
20579,720.936046
20580,726.1125516
20581,718.7886909
20582,709.0825844
20583,705.7215111
20584,710.0704659
20585,716.8657198
20586,720.1811131
20587,718.635421
20588,715.2008094
20589,712.583896
20590,709.3872895
20591,701.0820354
20592,684.686067
20593,662.2682855
20594,639.7381765
20595,622.301907
20596,611.316536
20597,605.6022964
20598,605.3621959
20599,613.8923089
20600,634.4846431
20601,665.2071512
20602,697.1487802
20603,718.9824541
20604,724.692866
20605,717.8658576
20606,708.6067264
20607,705.6314781
20608,710.2955048
20609,717.3272384
20610,720.7945113
20611,719.3119591
20612,715.8494869
20613,713.113312
20614,709.7074564
20615,701.106121
20616,684.3320379
20617,661.4604286
20618,638.4084774
20619,620.3912653
20620,608.7758
20621,602.3931035
20622,601.4576074
20623,609.2772305
20624,629.1560255
20625,659.17397
20626,690.4317952
20627,711.6137532
20628,716.7152014
20629,709.3317843
20630,699.5775575
20631,696.1760732
20632,700.4889092
20633,707.2491957
20634,710.5278712
20635,708.9410057
20636,705.4582132
20637,702.7836675
20638,699.5175952
20639,691.1286775
20640,674.6324588
20641,652.0953866
20642,629.4243936
20643,611.8229637
20644,600.6453185
20645,594.7086815
20646,594.2128685
20647,602.450577
20648,622.7102579
20649,653.0561417
20650,684.5733096
20651,705.9307079
20652,711.1089787
20653,703.6898865
20654,693.7746804
20655,690.0754075
20656,693.9436584
20657,700.1042937
20658,702.6218812
20659,700.1081783
20660,695.5306806
20661,691.5937468
20662,686.900174
20663,676.9236507
20664,658.6871876
20665,634.2671468
20666,609.5827831
20667,589.852236
20668,576.4466118
20669,568.2021126
20670,565.3394627
20671,571.1740056
20672,589.018359
20673,616.9621999
20674,646.1170745
20675,665.1791331
20676,668.1566682
20677,658.659235
20678,646.8157021
20679,641.3652483
20680,643.6857911
20681,648.5274005
20682,649.97843
20683,646.672705
20684,641.5977906
20685,637.4758555
20686,632.9250061
20687,623.4315242
20688,606.0281086
20689,582.797746
20690,559.6631246
20691,541.8425332
20692,530.7038845
20693,525.0768218
20694,525.1721597
20695,534.292032
20696,555.7326334
20697,587.5641282
20698,620.8756168
20699,644.3380614
20700,651.9320451
20701,647.2371426
20702,640.3502463
20703,639.9768623
20704,647.4598574
20705,657.513208
20706,664.1884778
20707,666.0823633
20708,666.1453215
20709,667.0627959
20710,667.4169084
20711,662.6590487
20712,716.432811
20713,694.2187662
20714,671.7415947
20715,654.223707
20716,643.0393434
20717,637.0265941
20718,636.4067358
20719,644.4942592
20720,664.5994762
20721,694.8082801
20722,726.2269528
20723,747.5449213
20724,752.7623387
20725,745.4792722
20726,735.8138414
20727,732.4933245
20728,736.8827158
20729,743.7182852
20730,747.0738724
20731,745.5682516
20732,742.1735879
20733,739.5964985
20734,736.439591
20735,728.1739102
20736,711.8173888
20737,689.438927
20738,666.9480098
20739,649.5508034
20740,638.604366
20741,632.9289298
20742,632.7275018
20743,641.2961558
20744,661.9268984
20745,692.687682
20746,724.6674527
20747,746.5391338
20748,752.2874179
20749,745.4981457
20750,736.2766142
20751,733.3388285
20752,738.0401799
20753,745.1090998
20754,748.6134198
20755,747.167775
20756,743.7420697
20757,741.0425207
20758,737.6731494
20759,729.108156
20760,712.3702721
20761,689.5347184
20762,666.5186789
20763,648.5372338
20764,636.9573902
20765,630.6101696
20766,629.7100032
20767,637.5648091
20768,657.4786393
20769,687.5314712
20770,718.8240351
20771,740.0405828
20772,745.1764712
20773,737.8273441
20774,728.1072569
20775,724.739761
20776,729.0864338
20777,735.880405
20778,739.1926126
20779,737.6391263
20780,734.1895595
20781,731.5480856
20782,728.3149306
20783,719.9587755
20784,703.4951642
20785,680.9905435
20786,658.351846
20787,640.782555
20788,629.6368919
20789,623.7320795
20790,623.2679335
20791,631.5371508
20792,651.828182
20793,682.2052572
20794,713.7534574
20795,735.1417283
20796,740.3507118
20797,732.9621721
20798,723.0773577
20799,719.4083156
20800,723.306636
20801,729.4971793
20802,732.0445128
20803,729.5603937
20804,725.0123173
20805,721.104642
20806,716.4401646
20807,706.4925735
20808,688.2848787
20809,663.8934425
20810,639.2375192
20811,619.5352482
20812,606.1577354
20813,597.9411828
20814,595.1063143
20815,600.9684733
20816,618.8402773
20817,646.8114031
20818,675.9933966
20819,695.082408
20820,698.0867295
20821,688.6159163
20822,676.7988368
20823,671.3746694
20824,673.7213317
20825,678.5888934
20826,680.065708
20827,676.7856005
20828,671.7361361
20829,667.6394833
20830,663.1137483
20831,653.645213
20832,636.2665758
20833,613.0608236
20834,589.9506443
20835,572.1543266
20836,561.0397832
20837,555.4366574
20838,555.5557636
20839,564.6992356
20840,586.163268
20841,618.0180251
20842,651.3526071
20843,674.8379764
20844,682.454716
20845,677.7824004
20846,670.9179222
20847,670.5667874
20848,678.0718629
20849,688.1471248
20850,694.8441371
20851,696.7595962
20852,696.8439592
20853,697.7826695
20854,698.1578491
20855,693.4208877
20856,680.5710229
20857,661.6595371
20858,642.5794759
20859,628.521832
20860,620.8298272
20861,618.3112499
20862,621.1580957
20863,632.6568834
20864,656.0915297
20865,689.5233547
20866,724.0361093
20867,748.298924
20868,756.294053
20869,751.6061942
20870,744.340727
20871,743.2148853
20872,749.5863485
20873,758.1868016
20874,763.0881966
20875,762.9100527
20876,760.6278182
20877,758.9538074
20878,756.4985884
20879,748.7432539
20880,732.7176746
20881,710.5043615
20882,688.0278506
20883,670.5105525
20884,659.326708
20885,653.3144076
20886,652.6949283
20887,660.7827612
20888,680.8882186
20889,711.0971939
20890,742.5159697
20891,763.8339731
20892,769.0513576
20893,761.7681907
20894,752.1025926
20895,748.7818416
20896,753.1709325
20897,760.0061354
20898,763.3612904
20899,761.8551722
20900,758.4599462
20901,755.8822297
20902,752.7246311
20903,744.4581953
20904,728.1008554
20905,705.7215119
20906,683.2296502
20907,665.8314369
20908,654.8839307
20909,649.2073639
20910,649.004744
20911,657.5721451
20912,678.2015744
20913,708.9609843
20914,740.9393215
20915,762.8095097
20916,768.5562417
20917,761.7653588
20918,752.5421581
20919,749.6026453
20920,754.3022119
20921,761.3692897
20922,764.8717108
20923,763.4241106
20924,759.9963938
20925,757.2947774
20926,753.9232834
20927,745.3561123
20928,728.6159959
20929,705.7781556
20930,682.7597756
20931,664.7759364
20932,653.1936457
20933,646.8439252
20934,645.9412064
20935,653.7934079
20936,673.7045822
20937,703.7547067
20938,735.0445125
20939,756.2582516
20940,761.3912812
20941,754.0392456
20942,744.3162004
20943,740.9456975
20944,745.2893147
20945,752.0801821
20946,755.389238
20947,753.8325525
20948,750.3797394
20949,747.7349723
20950,744.4984779
20951,736.1389373
20952,719.6718948
20953,697.1637979
20954,674.5215791
20955,656.9487224
20956,645.7994493
20957,639.8909833
20958,639.4231403
20959,647.6886176
20960,667.9758661
20961,698.3491165
20962,729.8934498
20963,751.2778124
20964,756.4828464
20965,749.0903164
20966,739.2014713
20967,735.5283585
20968,739.4225685
20969,745.6089622
20970,748.152107
20971,745.6637607
20972,741.1114189
20973,737.1994405
20974,732.5306223
20975,722.5786534
20976,704.3665442
20977,679.9706571
20978,655.3102469
20979,635.6034533
20980,622.2213827
20981,614.0002373
20982,611.1607415
20983,617.018239
20984,634.8853476
20985,662.8517445
20986,692.0289761
20987,711.1131928
20988,714.1126871
20989,704.6370147
20990,692.8150442
20991,687.3859546
20992,689.7276636
20993,694.5902414
20994,696.0620416
20995,692.77689
20996,687.7223518
20997,683.620596
20998,679.089729
20999,669.6160332
21000,652.2322073
21001,629.0212384
21002,605.905815
21003,588.104226
21004,576.9843844
21005,571.3759339
21006,571.4896892
21007,580.6277845
21008,602.0864147
21009,633.9357443
21010,667.2648741
21011,690.7447668
21012,698.3560054
21013,693.6781651
21014,686.8081387
21015,686.4514324
21016,693.9509135
21017,704.0205586
21018,710.7119319
21019,712.62173
21020,712.7004105
21021,713.633417
21022,714.002872
21023,709.2601652
21024,696.4045348
21025,677.4872633
21026,658.4013969
21027,644.3379284
21028,636.6400799
21029,634.1156401
21030,636.956605
21031,648.4494937
21032,671.8782232
21033,705.3041138
21034,739.8109168
21035,764.067763
21036,772.0569068
21037,767.3630465
21038,760.0915618
21039,758.9596868
21040,765.3251013
21041,773.9194905
21042,778.8148067
21043,778.6305695
21044,776.3422273
21045,774.6620948
21046,772.2007404
21047,764.4392571
21048,748.4075157
21049,726.1880277
21050,703.7053292
21051,686.1818313
21052,674.9917748
21053,668.9732506
21054,668.347536
21055,676.4291224
21056,696.5283221
21057,726.7310292
21058,758.1435261
21059,779.4552405
21060,784.666326
21061,777.3768505
21062,767.7049342
21063,764.377856
21064,768.7606105
21065,775.5894685
21066,778.9382701
21067,777.4257903
21068,774.0241947
21069,771.440101
21070,768.2761176
21071,760.0032899
21072,743.639551
21073,721.2538018
21074,698.7555278
21075,681.3508961
21076,670.3969652
21077,664.713968
21078,664.504912
21079,673.0658717
21080,693.6888543
21081,724.4418127
21082,756.4136936
21083,778.277421
21084,784.0176879
21085,777.2203358
21086,767.9906621
21087,765.0446725
21088,769.7377589
21089,776.7983533
21090,780.2942879
21091,778.8401983
21092,775.4059895
21093,772.6978786
21094,769.3198879
21095,760.746218
21096,743.999601
21097,721.1552583
21098,698.1303745
21099,680.1400301
21100,668.5512331
21101,662.1950053
21102,661.2857785
21103,669.1314713
21104,689.0361365
21105,719.0797518
21106,750.3630482
21107,771.5702779
21108,776.6967984
21109,769.3382542
21110,759.6087009
21111,756.2316908
21112,760.5688016
21113,767.3531636
21114,770.6557154
21115,769.0925271
21116,765.6332127
21117,762.9819461
21118,759.7389538
21119,751.3729174
21120,734.8993812
21121,712.3847927
21122,689.7360848
21123,672.1567415
21124,661.0009845
21125,655.0860373
21126,654.611716
21127,662.8707181
21128,683.1514945
21129,713.518276
21130,745.0561439
21131,766.4340446
21132,771.6326204
21133,764.2336359
21134,754.3383402
21135,750.6587807
21136,754.5465482
21137,760.7265035
21138,763.2632143
21139,760.7684384
21140,756.2096715
21141,752.2912725
21142,747.6160385
21143,737.6576586
21144,719.4391432
21145,695.0368549
21146,670.3700487
21147,650.6568641
21148,637.2684078
21149,629.040882
21150,626.1950112
21151,632.0461393
21152,649.906884
21153,677.8669226
21154,707.0378015
21155,726.1156713
21156,729.1088247
21157,719.6268171
21158,707.7985176
21159,702.3631048
21160,704.6984968
21161,709.5547638
21162,711.0202594
21163,707.7288093
21164,702.6679791
21165,698.5599375
21166,694.0227913
21167,684.5428225
21168,667.1527303
21169,643.9355016
21170,620.8138249
21171,603.0059893
21172,591.8799077
21173,586.2652238
21174,586.3727526
21175,595.504628
21176,616.9570452
21177,648.8001685
21178,682.1230989
21179,705.5967989
21180,713.2018518
21181,708.5178326
21182,701.6416342
21183,701.2787629
21184,708.7720859
21185,718.8355798
21186,725.5208088
21187,727.4244696
21188,727.4970197
21189,728.4239028
21190,728.7872413
21191,724.038425
21192,711.1766921
21193,692.253325
21194,673.1613698
21195,659.0918195
21196,651.3878962
21197,648.8573885
21198,651.6922923
21199,663.1791269
21200,686.601809
21201,720.021659
21202,754.5224284
21203,778.7732476
21204,786.7563713
21205,782.0564976
21206,774.7790061
21207,773.6411311
21208,780.0005521
21209,788.5889545
21210,793.4782905
21211,793.2880795
21212,790.9937701
21213,789.3076768
21214,786.840368
21215,779.0729366
21216,763.0352535
21217,740.80983
21218,718.3212022
21219,700.791781
21220,689.5958075
21221,683.5713723
21222,682.9397527
21223,691.0154399
21224,711.1087464
21225,741.305566
21226,772.7121813
21227,794.0180196
21228,799.2232346
21229,791.9278942
21230,782.2501184
21231,778.9171861
21232,783.2940919
21233,790.1171063
21234,793.4600695
21235,791.9417564
21236,788.5343325
21237,785.9444154
21238,782.7746134
21239,774.4959718
21240,758.1264237
21241,735.7348699
21242,713.2307958
21243,695.8203682
21244,684.8606459
21245,679.1718613
21246,678.9570222
21247,687.5122026
21248,708.1294099
21249,738.8765968
21250,770.8427099
21251,792.700673
21252,798.4351792
21253,791.6320697
21254,782.3966419
21255,779.4449013
21256,784.1322398
21257,791.1870893
21258,794.6772817
21259,793.2174526
21260,789.7775069
21261,787.0636617
21262,783.6799389
21263,775.1005392
21264,762.196461
21265,739.6675127
21266,717.0044091
21267,699.4106339
21268,688.2404085
21269,682.3109561
21270,681.8220924
21271,690.0665144
21272,710.3326729
21273,740.6847983
21274,772.2079716
21275,793.5711386
21276,798.7549415
21277,791.3411444
21278,781.4309963
21279,777.736544
21280,781.609378
21281,787.7743589
21282,790.2960539
21283,787.7862205
21284,783.212354
21285,779.2788131
21286,774.5883945
21287,764.6147869
21288,746.3810003
21289,721.9633972
21290,697.2812319
21291,677.5526439
21292,664.1487393
21293,655.90572
21294,653.0443103
21295,658.8798536
21296,676.7249673
21297,704.6693283
21298,733.8244828
21299,752.8865811
21300,755.8639152
21301,746.3660405
21302,734.5218255
21303,729.0704487
21304,731.3898278
21305,736.2300324
21306,737.6794161
21307,734.3718042
21308,729.2947617
21309,725.1704572
21310,720.616997
21311,711.1206629
21312,693.7141537
21313,670.4804559
21314,647.3422578
21315,629.517848
21316,618.3751392
21317,612.7437746
21318,612.834569
21319,621.9496559
21320,643.3852302
21321,675.2114559
21322,708.5174335
21323,731.9741253
21324,739.5621142
21325,734.8609749
21326,727.9676
21327,727.5874953
21328,735.0635279
21329,745.109674
21330,751.7774974
21331,753.6636944
21332,753.7187223
21333,754.6280245
21334,754.9737229
21335,750.2072072
21336,737.3277151
21337,718.3865287
21338,699.2766938
21339,685.1892031
21340,677.4672783
21341,674.9187077
21342,677.735487
21343,689.204135
21344,712.6085682
21345,746.0101067
21346,780.4925015
21347,804.7248829
21348,812.6895052
21349,807.9710661
21350,800.674945
21351,799.5183757
21352,805.8590378
21353,814.428616
21354,819.2990622
21355,819.0898957
21356,816.7765647
21357,815.0713834
21358,812.5849199
21359,804.7982667
21360,788.7412945
21361,766.4965143
21362,743.9884619
21363,726.439548
21364,715.2240131
21365,709.1799477
21366,708.5286288
21367,716.5845473
21368,736.6580154
21369,766.8349266
21370,798.2215632
21371,819.5073522
21372,824.6924471
21373,817.3769155
21374,807.678877
21375,804.3256103
21376,808.6821097
21377,815.4846454
21378,818.8070574
21379,817.2681202
21380,813.8399992
21381,811.2293116
21382,808.0386654
21383,799.7391057
21384,783.3485653
21385,760.9359447
21386,738.4107291
21387,720.9790851
21388,709.998071
21389,704.2879193
21390,704.0516371
21391,712.5852985
21392,733.1809105
21393,763.9064255
21394,795.8507899
21395,817.6869273
21396,823.3995304
21397,816.5744403
21398,807.3169542
21399,804.3430772
21400,809.0082011
21401,816.0407573
21402,819.5085778
21403,818.0262978
21404,814.563822
21405,811.8273671
21406,808.420955
21407,799.8187861
21408,783.043592
21409,760.1705938
21410,737.1169756
21411,719.097818
21412,707.4801281
21413,701.0949278
21414,700.1566483
21415,707.9732079
21416,727.8486591
21417,757.8629792
21418,789.1168989
21419,810.2946701
21420,815.3916499
21421,808.0034824
21422,798.2442231
21423,794.8374235
21424,799.1446615
21425,805.8990667
21426,809.1715775
21427,807.5782636
21428,804.0887388
21429,801.4071765
21430,798.133803
21431,789.7372995
21432,773.2332099
21433,750.6879816
21434,728.0085469
21435,710.3983896
21436,699.2117312
21437,693.2657946
21438,692.7603958
21439,700.9882319
21440,721.2377535
21441,751.5731911
21442,783.0796257
21443,804.4260032
21444,809.5929658
21445,802.1622776
21446,792.2351877
21447,788.5237429
21448,792.3795337
21449,798.5274207
21450,801.0319713
21451,798.5049429
21452,793.913831
21453,789.9629941
21454,785.2552292
21455,775.2642248
21456,757.0129912
21457,732.5778908
21458,707.878178
21459,688.1319923
21460,674.7104399
21461,666.4497229
21462,663.5705653
21463,669.3883109
21464,687.215577
21465,715.1420407
21466,744.2792481
21467,763.3233496
21468,766.2826374
21469,756.7666669
21470,744.9043067
21471,739.4347353
21472,741.7358704
21473,746.557782
21474,747.9888234
21475,744.6628202
21476,739.5673374
21477,735.4245438
21478,730.8525458
21479,721.3376251
21480,703.9124807
21481,680.6600993
21482,657.5031691
21483,639.6599788
21484,628.4984414
21485,622.8482001
21486,622.9200697
21487,632.016184
21488,653.4327377
21489,685.2398952
21490,718.526757
21491,741.9642856
21492,749.5330639
21493,744.8126668
21494,737.8999868
21495,737.5005301
21496,744.9571638
21497,754.9838642
21498,761.6321952
21499,763.4988534
21500,763.534296
21501,764.4239666
21502,764.7499874
21503,759.963748
21504,747.0644863
21505,728.1034846
21506,708.9737888
21507,694.8663917
21508,687.1245152
21509,684.5559478
21510,687.3526852
21511,698.8012464
21512,722.1855481
21513,755.5669105
21514,790.0290848
21515,814.2412014
21516,822.1855147
21517,817.4467228
21518,810.130205
21519,808.9531954
21520,815.2733737
21521,823.8224248
21522,828.6723007
21523,828.442521
21524,826.108534
21525,824.382654
21526,821.8754494
21527,814.0680128
21528,797.9902152
21529,775.7245675
21530,753.195606
21531,735.6257413
21532,724.3892143
21533,718.3241157
21534,717.6517225
21535,725.686526
21536,745.7388384
21537,775.8945535
21538,807.2599538
21539,828.5244666
21540,833.6882454
21541,826.3513579
21542,816.6319244
21543,813.2572233
21544,817.5922493
21545,824.373273
21546,827.6741343
21547,826.1136081
21548,822.6638599
21549,820.0315072
21550,816.8191582
21551,808.4978582
21552,792.0855403
21553,769.6511051
21554,747.1040382
21555,729.6505062
21556,718.6475679
21557,712.9154557
21558,712.6571773
21559,721.1688067
21560,741.7423514
21561,772.4457639
21562,804.3679909
21563,826.1819563
21564,831.8723529
21565,825.0250222
21566,815.7452614
21567,812.7490762
21568,817.3918583
21569,824.4020397
21570,827.8474525
21571,826.342732
21572,822.8577834
21573,820.0988236
21574,816.6698747
21575,808.0451374
21576,791.2473436
21577,768.3517146
21578,745.275435
21579,727.2335852
21580,715.5931731
21581,709.1852206
21582,708.2241592
21583,716.0179076
21584,735.8705185
21585,765.8619694
21586,797.0929914
21587,818.2478367
21588,823.3218627
21589,815.9107137
21590,806.1284454
21591,802.69861
21592,806.9827852
21593,813.7141014
21594,816.9634969
21595,815.347042
21596,811.8343505
21597,809.1295963
21598,805.8330061
21599,797.4132611
21600,780.8859059
21601,758.3173879
21602,735.61464
21603,717.9811461
21604,706.771128
21605,700.8018092
21606,700.2730057
21607,708.4774151
21608,728.7034884
21609,759.0154562
21610,790.4984
21611,811.8212661
21612,816.9646969
21613,809.5104569
21614,799.5597955
21615,795.8247598
21616,799.6569409
21617,805.7811994
21618,808.2621033
21619,805.7114103
21620,801.0966161
21621,797.1220798
21622,792.3905985
21623,782.3758613
21624,764.1008787
21625,739.6420135
21626,714.9185205
21627,695.1485396
21628,681.7031773
21629,673.418636
21630,670.5156403
21631,676.3095341
21632,694.1129352
21633,722.0155212
21634,751.1288384
21635,770.1490377
21636,773.0844115
21637,763.5445158
21638,751.6582195
21639,746.1647015
21640,748.4418799
21641,753.239825
21642,754.6468906
21643,751.2969027
21644,746.1774267
21645,742.0106317
21646,737.4146245
21647,727.8756874
21648,710.4265196
21649,687.1501083
21650,663.9691421
21651,646.1019102
21652,634.9163257
21653,629.2420327
21654,629.289846
21655,638.3618999
21656,659.7543897
21657,691.5374801
21658,724.8002721
21659,748.2137284
21660,755.7584326
21661,751.0139599
21662,744.0772033
21663,743.6536693
21664,751.0862256
21665,761.0888487
21666,767.7131032
21667,769.5556861
21668,769.5670549
21669,770.4326537
21670,770.7346052
21671,765.9242994
21672,753.0009746
21673,734.0159137
21674,714.862163
21675,700.7307157
21676,692.9647941
21677,690.3721873
21678,693.1448914
21679,704.5694258
21680,727.9297077
21681,761.2870579
21682,795.7252278
21683,819.9133485
21684,827.8336749
21685,823.0709052
21686,815.7304196
21687,814.5294526
21688,820.8256841
21689,829.3507997
21690,834.176752
21691,833.9230608
21692,831.565175
21693,829.8154094
21694,827.2843329
21695,819.4530386
21696,803.3513979
21697,781.0619223
21698,758.5091485
21699,740.9154877
21700,729.6551812
21701,723.5663202
21702,722.8701823
21703,730.8812592
21704,750.9098637
21705,781.0418901
21706,812.3836212
21707,833.624485
21708,838.7646355
21709,831.4041409
21710,821.6611219
21711,818.2628576
21712,822.5743432
21713,829.3318495
21714,832.6092174
21715,831.025222
21716,827.5520293
21717,824.8962575
21718,821.6605153
21719,813.3158485
21720,796.8801906
21721,774.4224429
21722,751.8520915
21723,734.3753034
21724,723.349138
21725,717.5938284
21726,717.3123827
21727,725.8008754
21728,746.3513146
21729,777.0316533
21730,808.9308388
21731,830.7217954
21732,836.3892167
21733,829.5189445
21734,820.2162768
21735,817.1972196
21736,821.8171653
21737,828.8045463
21738,832.2271954
21739,830.6997485
21740,827.1921111
21741,824.410501
21742,820.9589406
21743,812.3116312
21744,785.9819533
21745,763.3885981
21746,740.6612243
21747,723.0033171
21748,711.7690994
21749,705.7757957
21750,705.2232232
21751,713.4040805
21752,733.6068198
21753,763.8956728
21754,795.3557221
21755,816.6559151
21756,821.7768952
21757,814.3004282
21758,804.3277644
21759,800.5709523
21760,804.3815837
21761,810.4845206
21762,812.9443319
21763,810.3727764
21764,805.7373511
21765,801.742416
21766,796.9907693
21767,786.9561012
21768,768.6614233
21769,744.1830995
21770,719.4403856
21771,699.6514226
21772,686.1873182
21773,677.8842756
21774,674.9630208
21775,680.7388985
21776,698.5245277
21777,726.409587
21778,755.5056237
21779,774.5087899
21780,777.427379
21781,767.8709481
21782,755.9683669
21783,750.4588156
21784,752.7202134
21785,757.5026314
21786,758.8944246
21787,755.5294199
21788,750.3951839
21789,746.2138867
21790,741.603636
21791,732.0507152
21792,714.5878245
21793,691.2979522
21794,668.1037877
21795,650.2236215
21796,639.0253676
21797,633.3386709
21798,633.3743475
21799,642.4345326
21800,663.8154224
21801,695.5871827
21802,728.8389154
21803,752.2415843
21804,759.7757738
21805,755.0210602
21806,748.0743375
21807,747.6411132
21808,755.0642558
21809,765.0577429
21810,771.6731401
21811,773.5071451
21812,773.5102167
21813,774.3677998
21814,774.6620179
21815,769.844262
21816,756.9137716
21817,737.9218302
21818,718.7614851
21819,704.6237306
21820,696.8517898
21821,694.2534525
21822,697.0207161
21823,708.4401008
21824,731.7955245
21825,765.1483091
21826,799.5822068
21827,823.7663496
21828,831.6829932
21829,826.916837
21830,819.5732617
21831,818.3695028
21832,824.6632411
21833,833.1861631
21834,838.0102221
21835,837.754939
21836,835.3957633
21837,833.6450108
21838,831.1132511
21839,823.2815783
21840,807.1798644
21841,784.890622
21842,762.3383883
21843,744.7455756
21844,733.4864259
21845,727.3990312
21846,726.7046698
21847,734.7178343
21848,754.7488382
21849,784.8835766
21850,816.2283333
21851,837.4725367
21852,842.6163418
21853,835.2598175
21854,825.5210852
21855,822.1274248
21856,826.4438322
21857,833.2065791
21858,836.4895068
21859,834.9113913
21860,831.4443994
21861,828.79515
21862,825.5662523
21863,817.2287529
21864,800.8005862
21865,778.3506539
21866,755.7884428
21867,738.3201208
21868,727.3027477
21869,721.5565574
21870,721.2845586
21871,729.7828267
21872,750.3433699
21873,781.0341424
21874,812.9440918
21875,834.7461431
21876,840.4249905
21877,833.5664764
21878,824.2758994
21879,821.2692662
21880,825.9019696
21881,832.9024428
21882,836.3385189
21883,834.8248347
21884,831.331296
21885,828.5641211
21886,825.1273333
21887,816.4951341
21888,799.6902567
21889,776.7879234
21890,753.7053199
21891,735.6575279
21892,724.0115559
21893,717.5984272
21894,716.6325743
21895,724.4219169
21896,744.2705087
21897,774.2583284
21898,805.486108
21899,826.6381007
21900,831.709665
21901,824.2964461
21902,814.512501
21903,811.0813825
21904,815.3646695
21905,822.0954933
21906,825.3447934
21907,823.7286407
21908,820.2166503
21909,817.5129968
21910,814.217908
21911,805.8000661
21912,789.2750165
21913,766.7092075
21914,744.009573
21915,726.3795978
21916,715.1735047
21917,709.2085179
21918,708.6844544
21919,716.8940127
21920,737.1256446
21921,767.4435817
21922,798.9329063
21923,820.2625654
21924,825.4132024
21925,817.9665827
21926,808.0239563
21927,804.2973715
21928,808.1384197
21929,814.2719628
21930,816.7625692
21931,814.2219976
21932,809.6177444
21933,805.6541696
21934,800.934071
21935,790.9311383
21936,772.668383
21937,748.2221685
21938,723.5117503
21939,703.755269
21940,690.323832
21941,682.0536422
21942,679.165425
21943,684.974525
21944,702.7935607
21945,730.7122102
21946,759.8420206
21947,778.8791434
21948,781.8318717
21949,772.3097621
21950,760.4416841
21951,754.9668172
21952,757.2630802
21953,762.0805439
21954,763.5075628
21955,760.1779632
21956,755.0793115
21957,750.933777
21958,746.3594672
21959,736.8426649
21960,719.4160699
21961,696.1626698
21962,673.0051538
21963,655.1618116
21964,644.0005568
21965,638.3510338
21966,638.4240581
21967,647.5217645
21968,668.9403486
21969,700.7499755
21970,734.0397466
21971,757.4806253
21972,765.0531954
21973,760.3370325
21974,753.42903
21975,753.0346949
21976,760.4968951
21977,770.5296076
21978,777.1843974
21979,779.0579615
21980,779.1007581
21981,779.9982314
21982,780.3325045
21983,775.5549677
21984,762.6648596
21985,743.7134632
21986,724.5938253
21987,710.4969393
21988,702.7660276
21989,700.2088796
21990,703.0174918
21991,714.4783835
21992,737.8754724
21993,771.2700792
21994,805.7459557
21995,829.9722331
21996,837.9311664
21997,833.207454
21998,825.9064762
21999,824.7454676
22000,831.0821083
22001,839.6480839
22002,844.515347
22003,844.3034178
22004,841.987745
22005,840.2806435
22006,837.7926821
22007,830.0049543
22008,813.9473311
22009,791.7023243
22010,769.1944705
22011,751.6461808
22012,740.4316966
22013,734.389109
22014,733.7396955
22015,741.7979477
22016,761.8741785
22017,792.0542818
22018,823.4445407
22019,844.7343828
22020,849.9239621
22021,842.6133466
22022,832.9206569
22023,829.5731718
22024,833.9358864
22025,840.7450715
22026,844.0745674
22027,842.5431493
22028,839.122983
22029,836.5206863
22030,833.3388676
22031,825.0485726
22032,808.6677345
22033,786.2652542
22034,763.7506175
22035,746.3299913
22036,735.3604345
22037,729.6621798
22038,729.438235
22039,737.9846744
22040,758.5935055
22041,789.3326811
22042,821.2911479
22043,843.14183
22044,848.8694203
22045,842.0597604
22046,832.8181476
22047,829.8605877
22048,834.5424725
22049,841.592234
22050,845.0777043
22051,843.6135189
22052,840.1695827
22053,837.452113
22054,834.0651317
22055,825.4828394
22056,808.7279682
22057,785.8757393
22058,762.8433371
22059,744.8458421
22060,733.250262
22061,726.8876187
22062,725.9723436
22063,733.8123552
22064,753.7117062
22065,783.7503739
22066,815.0290893
22067,836.2321044
22068,841.3547764
22069,833.9927495
22070,824.2600792
22071,820.8803174
22072,825.2150417
22073,831.997382
22074,835.2982767
22075,833.7337956
22076,830.2735525
22077,827.6217207
22078,824.3785268
22079,816.0126517
22080,799.5396395
22081,777.0259374
22082,754.3784779
22083,736.8007447
22084,725.646959
22085,719.734344
22086,719.2627154
22087,727.5247703
22088,747.8089592
22089,778.1795125
22090,809.721511
22091,831.1039006
22092,836.3073233
22093,828.9135432
22094,819.0238089
22095,815.3501673
22096,819.2442087
22097,825.4307934
22098,827.9744887
22099,825.4870517
22100,820.9359777
22101,817.0256251
22102,812.3587904
22103,802.409162
22104,784.19975
22105,759.8069163
22106,735.1499151
22107,715.4468857
22108,702.0689339
22109,693.8522614
22110,691.0175921
22111,696.8802691
22112,714.7529096
22113,742.7251903
22114,771.9086568
22115,790.9994591
22116,794.0058891
22117,784.5375018
22118,772.7231652
22119,767.3020576
22120,769.652096
22121,774.5233501
22122,776.0041727
22123,772.7283888
22124,767.6835631
22125,763.5918637
22126,759.0713964
22127,749.6084427
22128,732.2357008
22129,709.0361568
22130,685.9324986
22131,668.1430141
22132,657.0356157
22133,651.4399461
22134,651.5668194
22135,660.7183688
22136,682.1907884
22137,714.0542419
22138,747.3978292
22139,770.8925119
22140,778.5188725
22141,773.8564851
22142,767.0022414
22143,766.661647
22144,774.1775682
22145,784.2639805
22146,790.9724473
22147,792.899664
22148,792.9960875
22149,793.9471602
22150,794.3350036
22151,789.6110066
22152,776.7744063
22153,757.876484
22154,738.8102848
22155,724.7668007
22156,717.0892527
22157,714.5854283
22158,717.4473224
22159,728.9614531
22160,752.4117361
22161,785.8594908
22162,820.3884673
22163,844.6677951
22164,852.6797278
22165,848.0089621
22166,840.7608767
22167,839.6527046
22168,846.0421243
22169,854.6608198
22170,859.5807422
22171,859.4214099
22172,857.15827
22173,855.503636
22174,853.0680749
22175,845.3326786
22176,829.3273166
22177,807.1344989
22178,784.6787606
22179,767.1825111
22180,756.0199903
22181,750.0292875
22182,749.4316788
22183,757.541654
22184,777.6695243
22185,807.9011822
22186,839.342909
22187,860.6841307
22188,865.9249997
22189,858.6655823
22190,849.0239975
22191,845.7275225
22192,850.1411507
22193,857.0011513
22194,860.381363
22195,858.9005592
22196,855.5309042
22197,852.9790141
22198,849.8474958
22199,841.6073931
22200,825.2766377
22201,802.9241289
22202,780.4593508
22203,763.0884687
22204,752.1685398
22205,746.5197952
22206,746.345241
22207,754.9409498
22208,775.5989276
22209,806.3871255
22210,838.3944886
22211,860.2939392
22212,866.0701687
22213,859.309017
22214,850.1157799
22215,847.2064613
22216,851.9364516
22217,859.0341809
22218,862.5674798
22219,861.1509823
22220,857.7545916
22221,855.0845231
22222,851.7447973
22223,843.2096132
22224,826.5017011
22225,803.6962806
22226,780.7105345
22227,762.7595418
22228,751.2103084
22229,744.8938546
22230,744.0246102
22231,751.9104922
22232,771.8555513
22233,801.9397635
22234,833.2638581
22235,854.5120855
22236,859.6798012
22237,852.3626478
22238,842.6746793
22239,839.3394458
22240,843.7185234
22241,850.5450405
22242,853.8899337
22243,852.3692713
22244,848.9526653
22245,846.3442877
22246,843.1443633
22247,834.8215715
22248,818.3914548
22249,795.9204588
22250,773.3155144
22251,755.7801036
22252,744.6684462
22253,738.7977637
22254,738.3678703
22255,746.6714615
22256,766.9969862
22257,797.4086732
22258,828.9916018
22259,850.4147164
22260,855.6586573
22261,848.305187
22262,838.4555528
22263,834.8217998
22264,838.7555169
22265,844.9815629
22266,847.5645033
22267,845.116094
22268,840.6038285
22269,836.7320638
22270,832.1035949
22271,822.1921086
22272,804.0206134
22273,779.6654699
22274,755.0459308
22275,735.3801336
22276,722.039183
22277,713.8592788
22278,711.0611437
22279,716.9601192
22280,734.8688211
22281,762.8769245
22282,792.0959736
22283,811.222117
22284,814.263645
22285,804.8301111
22286,793.050382
22287,787.6636345
22288,790.0477842
22289,794.9528992
22290,796.467331
22291,793.2249032
22292,788.213179
22293,784.1543251
22294,779.6664459
22295,770.2358215
22296,818.8908998
22297,799.9837676
22298,780.9077032
22299,766.8536977
22300,759.1649717
22301,756.6493122
22302,759.4987135
22303,770.9996932
22304,794.4361664
22305,827.8694521
22306,862.3833
22307,886.6468392
22308,894.6423226
22309,889.9544468
22310,882.6885901
22311,881.561985
22312,887.9323099
22313,896.5312483
22314,901.430751
22315,901.2503362
22316,898.9654509
22317,897.2884082
22318,894.8297749
22319,887.0706428
22320,871.0408812
22321,848.8230001
22322,826.3415341
22323,808.8188931
22324,797.6293164
22325,791.6108935
22326,790.9849004
22327,799.0658271
22328,819.1639845
22329,849.3652654
22330,880.775951
22331,902.0854675
22332,907.2939672
22333,900.0015169
22334,890.3262354
22335,886.9954003
22336,891.3740051
22337,898.1983192
22338,901.5421816
22339,900.0243659
22340,896.6170368
22341,894.0268105
22342,890.8562945
22343,882.5765327
22344,866.2054574
22345,843.8119682
22346,821.3055496
22347,803.8923674
22348,792.9294792
22349,787.2371166
22350,787.0182863
22351,795.5690614
22352,816.1814484
22353,846.923399
22354,878.8838589
22355,900.7357511
22356,906.4637677
22357,899.6537491
22358,890.4109919
22359,887.4515007
22360,892.1306665
22361,899.1769205
22362,902.6580939
22363,901.1888214
22364,897.7390072
22365,895.0148676
22366,891.6204238
22367,883.0298758
22368,866.2659548
22369,843.4038814
22370,820.3608394
22371,802.3519087
22372,790.7440963
22373,784.3684235
22374,783.4393212
22375,791.2647073
22376,811.148634
22377,841.1710782
22378,872.4327703
22379,893.617962
22380,898.72201
22381,891.340558
22382,881.5876615
22383,878.1868717
22384,882.499766
22385,889.2594741
22386,892.5369341
22387,890.9482155
22388,887.4629318
22389,884.7852564
22390,881.5154155
22391,873.12209
22392,856.6208239
22393,834.0780642
22394,811.4007433
22395,793.792345
22396,782.6070905
22397,776.662203
22398,776.1574982
22399,784.3856733
22400,804.6351789
22401,834.9702455
22402,866.4759541
22403,887.8212508
22404,892.9867776
22405,885.554299
22406,875.6250639
22407,871.9111194
22408,875.7640561
22409,881.9087347
22410,884.4097227
22411,881.8787779
22412,877.2833957
22413,873.327935
22414,868.6151929
22415,858.6188582
22416,840.3619415
22417,815.9208052
22418,791.2147043
22419,771.4617785
22420,758.0331343
22421,749.764974
22422,746.8780222
22423,752.6876228
22424,770.5063936
22425,798.424012
22426,827.5520247
22427,846.5865822
22428,849.5359774
22429,840.0097661
22430,828.1368172
22431,822.6563099
22432,824.9461623
22433,829.7564449
22434,831.1755116
22435,827.8371884
22436,822.729041
22437,818.5732387
22438,813.9878883
22439,804.4592726
22440,787.0200907
22441,763.7533302
22442,740.5816799
22443,722.7234292
22444,711.5464917
22445,705.8805114
22446,705.9363037
22447,715.0160032
22448,736.4158053
22449,768.2058752
22450,801.4753142
22451,824.8950854
22452,832.4457727
22453,827.7069518
22454,820.775516
22455,820.3569724
22456,827.7941888
22457,837.8011424
22458,844.4293983
22459,846.2756536
22460,846.2903668
22461,847.1589822
22462,847.4636229
22463,842.6556796
22464,829.7343913
22465,810.7510411
22466,791.5986761
22467,777.46829
22468,769.7031057
22469,767.1109128
22470,769.8837083
22471,781.3080119
22472,804.6677417
22473,838.024219
22474,872.461196
22475,896.6478043
22476,904.5662996
22477,899.801381
22478,892.4584291
22479,891.2546793
22480,897.5478122
22481,906.0695143
22482,910.8917387
22483,910.6340063
22484,908.2717667
22485,906.5173354
22486,903.9812822
22487,896.1447011
22488,880.0374642
22489,857.7420841
22490,835.1830982
22491,817.5829186
22492,806.3157876
22493,800.2197973
22494,799.5162262
22495,807.5195669
22496,827.5401332
22497,857.6638204
22498,888.9969123
22499,910.2288378
22500,915.3597519
22501,907.989724
22502,898.2368757
22503,894.8284871
22504,899.1295545
22505,905.8763499
22506,909.142715
22507,907.5474262
22508,904.0626507
22509,901.3950076
22510,898.1471068
22511,889.7899953
22512,873.3416077
22513,850.8708465
22514,828.2871989
22515,810.7968333
22516,799.7568101
22517,793.9873636
22518,793.6915032
22519,802.1653048
22520,822.7007774
22521,853.3658756
22522,885.2495478
22523,907.0247196
22524,912.6760859
22525,905.7894898
22526,896.4702306
22527,893.4343158
22528,898.037139
22529,905.007134
22530,908.4121348
22531,906.866779
22532,903.3409732
22533,900.5409367
22534,897.0706934
22535,888.4044458
22536,871.5649281
22537,848.6273636
22538,825.5089387
22539,807.424736
22540,795.7417653
22541,789.2910506
22542,788.2870256
22543,796.0376109
22544,815.8468613
22545,845.7947566
22546,876.9820299
22547,898.0929355
22548,903.1228328
22549,895.6673684
22550,885.8406004
22551,882.3660827
22552,886.6053955
22553,893.2916712
22554,896.4958504
22555,894.8340056
22556,891.2757529
22557,888.5252684
22558,885.1827809
22559,876.7169742
22560,860.1433948
22561,837.5284925
22562,814.7792025
22563,797.099011
22564,785.8421422
22565,779.8258218
22566,779.2498682
22567,787.4069813
22568,807.5856144
22569,837.8500006
22570,869.2852237
22571,890.5602323
22572,895.6556712
22573,888.1533075
22574,878.1543928
22575,874.3709767
22576,878.1546527
22577,884.2302838
22578,886.6624405
22579,884.0628829
22580,879.3991093
22581,875.3754811
22582,870.594798
22583,860.5307515
22584,842.2063547
22585,817.6979728
22586,792.9248632
22587,773.1051682
22588,759.6099969
22589,751.2755543
22590,748.3225675
22591,754.0663829
22592,771.819621
22593,799.6719618
22594,828.7349543
22595,847.7047519
22596,850.5896497
22597,840.9992062
22598,829.0622929
22599,823.5180913
22600,825.7445223
22601,830.4916587
22602,831.847857
22603,828.4469456
22604,823.2764928
22605,819.0586703
22606,814.4115876
22607,804.8215296
22608,787.3211981
22609,763.9935831
22610,740.7613759
22611,722.8428683
22612,711.6059762
22613,705.8803462
22614,705.8767961
22615,714.8974627
22616,736.2385442
22617,767.9702078
22618,801.1815573
22619,824.5435583
22620,832.0367969
22621,827.2408512
22622,820.252617
22623,819.7776035
22624,827.1586809
22625,837.1098289
22626,843.6826147
22627,845.4737378
22628,845.4336589
22629,846.2478247
22630,846.4983606
22631,841.6366594
22632,855.8689742
22633,833.2433661
22634,810.4838788
22635,792.7939992
22636,781.5279523
22637,775.5029649
22638,774.918856
22639,783.0683263
22640,803.23983
22641,833.4976008
22642,864.9267233
22643,886.1961469
22644,891.2865171
22645,883.7796015
22646,873.7766525
22647,869.9897204
22648,873.7703992
22649,879.8435528
22650,882.2737519
22651,879.6727574
22652,875.0080681
22653,870.984046
22654,866.2034913
22655,856.140096
22656,837.8168736
22657,813.3101898
22658,788.5393025
22659,768.7223545
22660,755.2304552
22661,746.89981
22662,743.9511464
22663,749.6998112
22664,767.4584251
22665,795.3166685
22666,824.3860907
22667,843.3628453
22668,846.2552279
22669,836.6727969
22670,824.7444243
22671,819.2092917
22672,821.4453201
22673,826.2025826
22674,827.5694358
22675,824.1797082
22676,819.0209682
22677,814.8153877
22678,810.1810761
22679,800.6043184
22680,783.1178166
22681,759.8045604
22682,736.5872413
22683,718.6841511
22684,707.4632056
22685,701.7540513
22686,701.7675059
22687,710.8057063
22688,732.1648502
22689,763.915105
22690,797.1455742
22691,820.5272231
22692,828.0406379
22693,823.2653962
22694,816.2983936
22695,815.8451391
22696,823.2485028
22697,833.2224637
22698,839.818589
22699,841.6335777
22700,841.6178903
22701,842.4569729
22702,842.7329507
22703,837.897216
22704,824.9490097
22705,805.9396167
22706,786.7620859
22707,772.6074126
22708,764.8188216
22709,762.2041041
22710,764.9552585
22711,776.3588065
22712,799.6986675
22713,833.0361644
22714,867.4550509
22715,891.6244604
22716,899.5266496
22717,894.7463192
22718,887.3888513
22719,886.1714825
22720,892.451895
22721,900.9617763
22722,905.7730809
22723,905.505331
22724,903.1339772
22725,901.3713365
22726,898.8279796
22727,890.9850017
22728,901.5582308
22729,882.6029405
22730,863.4784169
22731,849.3756531
22732,841.6378717
22733,839.0728616
22734,841.8726193
22735,853.3236643
22736,876.7099139
22737,910.0926891
22738,944.5557416
22739,968.7682028
22740,976.7123275
22741,971.9728146
22742,964.6550444
22743,963.4762517
22744,969.7941168
22745,978.3403256
22746,983.1868311
22747,982.9531536
22748,980.6147423
22749,978.8839126
22750,976.3712336
22751,968.5577991
22752,952.4734809
22753,930.2007911
22754,907.6642669
22755,890.08632
22756,878.8411925
22757,872.766976
22758,872.0849487
22759,880.1096031
22760,900.1512526
22761,930.2957921
22762,961.6495053
22763,982.9018207
22764,988.0528932
22765,980.7027918
22766,970.9696378
22767,967.5807112
22768,971.901008
22769,978.6668
22770,981.9519287
22771,980.3751702
22772,976.9086915
22773,974.2591116
22774,971.0290401
22775,962.6895239
22776,946.2584974
22777,923.8048629
22778,901.2381075
22779,883.7643993
22780,872.7407987
22781,866.9875398
22782,866.7076319
22783,875.1971507
22784,895.7481051
22785,926.4284496
22786,958.3271325
22787,980.1170793
22788,985.7829847
22789,978.9106919
22790,969.6055
22791,966.5834164
22792,971.1998347
22793,978.1831886
22794,981.6013121
22795,980.0688426
22796,976.5556868
22797,973.7680639
22798,970.3099979
22799,961.6556912
22800,944.8278778
22801,921.9017812
22802,898.7945877
22803,880.72138
22804,869.0491679
22805,862.6089753
22806,861.615236
22807,869.3758706
22808,889.194934
22809,919.1524059
22810,950.3490196
22811,971.4690293
22812,976.5077947
22813,969.0609622
22814,959.2425901
22815,955.7762323
22816,960.0234692
22817,966.7174332
22818,969.9290652
22819,968.2744374
22820,964.7231663
22821,961.979428
22822,958.6434516
22823,950.1839207
22824,954.0682535
22825,931.7018183
22826,909.2229066
22827,891.8376819
22828,880.9031994
22829,875.2396884
22830,875.0501532
22831,883.6306646
22832,904.2732266
22833,935.0457886
22834,967.0372938
22835,988.9206627
22836,994.6805851
22837,987.9028989
22838,978.6928982
22839,975.7665852
22840,980.4793485
22841,987.5596165
22842,991.0752182
22843,989.6407856
22844,986.2262204
22845,983.5377364
22846,980.1793523
22847,971.6252655
22848,954.8982045
22849,932.0733876
22850,909.0679957
22851,891.0971063
22852,879.5277237
22853,873.1908665
22854,872.3009632
22855,880.165929
22856,900.0898132
22857,930.1525903
22858,961.4549881
22859,982.6812553
22860,987.8267461
22861,980.4871016
22862,970.7763743
22863,967.4181131
22864,971.7738923
22865,978.5768392
22866,981.8978888
22867,980.3531081
22868,976.9121078
22869,974.2790585
22870,971.0541836
22871,962.7061613
22872,946.2505327
22873,923.7537421
22874,901.1227192
22875,883.5609448
22876,872.4226373
22877,866.5250172
22878,866.0678972
22879,874.3439718
22880,894.6416886
22881,925.0252754
22882,956.5798103
22883,977.9742365
22884,983.1891932
22885,975.806442
22886,965.9272288
22887,962.2635978
22888,966.1671369
22889,972.3627038
22890,974.914863
22891,972.4353694
22892,967.8917156
22893,963.9882575
22894,959.3277893
22895,949.3839968
22896,931.1798877
22897,906.7918215
22898,882.1390501
22899,862.4397103
22900,849.0649057
22901,840.8508356
22902,838.0182216
22903,843.8824046
22904,861.7559995
22905,889.7286808
22906,918.9119919
22907,938.0020806
22908,941.0072367
22909,931.5370129
22910,919.7202753
22911,914.2961999
22912,916.642702
22913,921.5098488
22914,922.9859914
22915,919.7049526
22916,914.6542953
22917,910.5561856
22918,906.0287275
22919,896.5582004
22920,949.2387112
22921,924.8491031
22922,900.1956041
22923,880.4963531
22924,867.1224557
22925,858.9101131
22926,856.080049
22927,861.947606
22928,879.825401
22929,907.8031102
22930,936.9922789
22931,956.0890566
22932,959.1017348
22933,949.639868
22934,937.8323238
22935,932.41828
22936,934.7756532
22937,939.6545124
22938,941.1432101
22939,937.8755708
22940,932.8391585
22941,928.7561409
22942,924.2446232
22943,914.7908864
22944,897.427628
22945,874.2378337
22946,851.1441906
22947,833.3649862
22948,822.2681322
22949,816.6832706
22950,816.8212151
22951,825.9840979
22952,847.4681128
22953,879.3434227
22954,912.6991267
22955,936.2061859
22956,943.845182
22957,939.1956884
22958,932.3545963
22959,932.0274102
22960,939.5569959
22961,949.6573281
22962,956.3799693
22963,958.3216146
22964,958.4327195
22965,959.3987261
22966,959.801755
22967,955.0931941
22968,942.2722798
22969,923.3902927
22970,904.340277
22971,890.3132238
22972,882.6523532
22973,880.1654519
22974,883.0445142
22975,894.5760569
22976,918.043995
22977,951.509647
22978,986.0567622
22979,1010.354469
22980,1018.38502
22981,1013.733112
22982,1006.504121
22983,1005.41528
22984,1011.824267
22985,1020.462764
22986,1025.402722
22987,1025.263659
22988,1023.021019
22989,1021.387116
22990,1018.972516
22991,1011.25831
22992,995.2743653
22993,973.1031922
22994,950.669324
22995,933.1951696
22996,922.0549674
22997,916.086806
22998,915.5119601
22999,923.6449188
23000,943.795992
23001,974.0510711
23002,1005.516436
23003,1026.881513
23004,1032.146452
23005,1024.911318
23006,1015.29423
23007,1012.022463
23008,1016.461011
23009,1023.34614
23010,1026.751688
23011,1025.296429
23012,1021.952524
23013,1019.426589
23014,1016.321229
23015,1008.107488
23016,1070.331414
23017,1048.052162
23018,1025.50984
23019,1007.926862
23020,996.6774712
23021,990.599761
23022,989.9150114
23023,997.9377162
23024,1017.978191
23025,1048.122331
23026,1079.476422
23027,1100.729895
23028,1105.882905
23029,1098.535522
23030,1088.805871
23031,1085.421231
23032,1089.7466
23033,1096.518251
23034,1099.810027
23035,1098.240705
23036,1094.782454
23037,1092.141893
23038,1088.921633
23039,1080.592723
23040,1064.173097
23041,1041.731659
23042,1019.177897
23043,1001.71798
23044,990.7089694
23045,984.9711002
23046,984.7073825
23047,993.2138927
23048,1013.782641
23049,1044.481582
23050,1076.399664
23051,1098.209815
23052,1103.89673
23053,1097.046252
23054,1087.763681
23055,1084.765025
23056,1089.405677
23057,1096.414074
23058,1099.858048
23059,1098.352237
23060,1094.866549
23061,1092.107204
23062,1088.678224
23063,1080.053815
23064,1063.256708
23065,1040.362129
23066,1017.287264
23067,999.2471949
23068,987.6089325
23069,981.2035008
23070,980.2453334
23071,988.042351
23072,1007.898609
23073,1037.894086
23074,1069.129516
23075,1090.289153
23076,1095.368356
23077,1087.962772
23078,1078.186459
23079,1074.76297
23080,1079.053886
23081,1085.792339
23082,1089.049269
23083,1087.440748
23084,1083.936393
23085,1081.240378
23086,1077.952933
23087,1069.542741
23088,1053.025348
23089,1030.467203
23090,1007.775241
23091,990.1529484
23092,978.954548
23093,972.9972654
23094,972.4809183
23095,980.698206
23096,1000.937581
23097,1031.263277
23098,1062.760375
23099,1084.097825
23100,1089.25627
23101,1081.817476
23102,1071.882695
23103,1068.163975
23104,1072.012908
23105,1078.154358
23106,1080.652893
23107,1078.120273
23108,1073.523996
23109,1069.568421
23110,1064.856347
23111,1054.861465
23112,1135.963189
23113,1113.114871
23114,1090.085772
23115,1072.090973
23116,1060.497483
23117,1054.136324
23118,1053.221928
23119,1061.062215
23120,1080.961238
23121,1110.998976
23122,1142.276159
23123,1163.477042
23124,1168.596983
23125,1161.231625
23126,1151.495027
23127,1148.11074
23128,1152.440343
23129,1159.216968
23130,1162.511553
23131,1160.94017
23132,1157.472432
23133,1154.812516
23134,1151.560648
23135,1143.185511
23136,1126.702649
23137,1104.178511
23138,1081.520031
23139,1063.930694
23140,1052.764722
23141,1046.839339
23142,1046.354362
23143,1054.602491
23144,1074.872176
23145,1105.227649
23146,1136.753993
23147,1158.120154
23148,1163.306777
23149,1155.895626
23150,1145.987951
23151,1142.295802
23152,1146.170769
23153,1152.337715
23154,1154.861208
23155,1152.353006
23156,1147.780608
23157,1143.848371
23158,1139.159096
23159,1129.186471
23160,1110.953508
23161,1086.536571
23162,1061.854915
23163,1042.126682
23164,1028.72298
23165,1020.48001
23166,1017.6185
23167,1023.453793
23168,1041.298509
23169,1069.242326
23170,1098.396792
23171,1117.458059
23172,1120.434419
23173,1110.93543
23174,1099.089962
23175,1093.637195
23176,1095.955047
23177,1100.793591
23178,1102.241181
23179,1098.931644
23180,1093.852546
23181,1089.726058
23182,1085.170288
23183,1075.671518
23184,1058.26245
23185,1035.026071
23186,1011.885071
23187,994.0577405
23188,982.9119934
23189,977.2774748
23190,977.3650008
23191,986.4767067
23192,1007.908789
23193,1039.731413
23194,1073.033681
23195,1096.486558
23196,1104.070626
23197,1099.365464
23198,1092.467965
23199,1092.083636
23200,1099.555347
23201,1109.597074
23202,1116.260384
23203,1118.141975
23204,1118.192306
23205,1119.09682
23206,1119.437644
23207,1114.666166
23208,1104.17441
23209,1080.94555
23210,1057.812166
23211,1039.992547
23212,1028.854604
23213,1023.227982
23214,1023.323495
23215,1032.443277
23216,1053.883522
23217,1085.714394
23218,1119.024995
23219,1142.486287
23220,1150.078851
23221,1145.382264
23222,1138.493418
23223,1138.117819
23224,1145.598334
23225,1155.648938
23226,1162.321198
23227,1164.211807
23228,1164.271225
23229,1165.184894
23230,1165.534937
23231,1160.772743
23232,1147.89755
23233,1128.960641
23234,1109.855061
23235,1095.771804
23236,1088.05409
23237,1085.50971
23238,1088.330658
23239,1099.803453
23240,1123.212013
23241,1156.617658
23242,1191.104138
23243,1215.340585
23244,1223.309252
23245,1218.594839
23246,1211.302723
23247,1210.150141
23248,1216.494771
23249,1225.068298
23250,1229.942674
23251,1229.73742
23252,1227.427984
23253,1225.726679
23254,1223.244076
23255,1215.461265
23256,1199.408119
23257,1177.167149
23258,1154.66289
23259,1137.117755
23260,1125.905983
23261,1119.865665
23262,1119.21808
23263,1127.277718
23264,1147.354892
23265,1177.535496
23266,1208.925812
23267,1230.215268
23268,1235.404017
23269,1228.092128
23270,1218.397721
23271,1215.048075
23272,1219.408185
23273,1226.214321
23274,1229.540324
23275,1228.004968
23276,1224.58042
23277,1221.973297
23278,1218.786208
23279,1210.490199
23280,1194.103202
23281,1171.694118
23282,1149.172434
23283,1131.744316
23284,1120.766824
23285,1115.060189
23286,1114.827421
23287,1123.364593
23288,1143.963714
23289,1174.692735
23290,1206.640604
23291,1228.480246
23292,1234.196353
23293,1227.374768
23294,1218.120787
23295,1215.150417
23296,1219.819049
23297,1226.855117
23298,1230.326453
23299,1228.847692
23300,1225.38874
23301,1222.655814
23302,1219.252937
23303,1210.654309
23304,1248.840458
23305,1226.632976
23306,1204.162301
23307,1186.65084
23308,1175.472835
23309,1169.466374
23310,1168.852734
23311,1176.946404
23312,1197.057697
23313,1227.272504
23314,1258.697107
23315,1280.020933
23316,1285.244133
23317,1277.966775
23318,1268.306978
23319,1264.992019
23320,1269.386891
23321,1276.227864
23322,1279.588778
23323,1278.088405
23324,1274.698911
23325,1272.126911
23326,1268.975013
23327,1260.714261
23328,1244.362587
23329,1221.98889
23330,1199.502656
23331,1182.110049
23332,1171.168128
23333,1165.497123
23334,1165.300041
23335,1173.872956
23336,1194.507873
23337,1225.272744
23338,1257.256515
23339,1279.132108
23340,1284.884216
23341,1278.098677
23342,1268.88079
23343,1265.946558
23344,1270.651371
23345,1277.723662
23346,1281.23126
23347,1279.7888
23348,1276.366186
23349,1273.669635
23350,1270.303166
23351,1261.740979
23352,1245.005807
23353,1222.172867
23354,1199.159345
23355,1181.180319
23356,1169.602796
23357,1163.257798
23358,1162.359753
23359,1170.216581
23360,1190.132332
23361,1220.186984
23362,1251.481265
23363,1272.699428
23364,1277.836828
23365,1270.489108
23366,1260.770325
23367,1257.404027
23368,1261.751792
23369,1268.54675
23370,1271.859838
23371,1270.307124
23372,1266.858221
23373,1264.217303
23374,1260.984595
23375,1252.628777
23376,1236.165392
23377,1213.660888
23378,1191.022195
23379,1173.452796
23380,1162.306913
23381,1156.401767
23382,1155.937174
23383,1164.20583
23384,1184.496185
23385,1214.872469
23386,1246.419762
23387,1267.807009
23388,1273.014851
23389,1265.625052
23390,1255.738861
23391,1252.068323
23392,1255.965029
23393,1262.153837
23394,1264.699315
23395,1262.21322
23396,1257.663046
23397,1253.753151
23398,1249.086331
23399,1239.136274
